Id,Label,Kingdom,Phylum,Class,Order,Family,Genus,FC,PD_sig
g__Escherichia/Shigella,g__Escherichia/Shigella,Bacteria,Proteobacteria,Gammaproteobacteria,Enterobacteriales,Enterobacteriaceae,Escherichia/Shigella,0.853584023498178,No
g__Bacteroides,g__Bacteroides,Bacteria,Bacteroidetes,Bacteroidia,Bacteroidales,Bacteroidaceae,Bacteroides,0.959422360082879,No
g__Phascolarctobacterium,g__Phascolarctobacterium,Bacteria,Firmicutes,Negativicutes,Selenomonadales,Acidaminococcaceae,Phascolarctobacterium,0.810750848345949,No
f__Enterobacteriaceae_unclass,f__Enterobacteriaceae_unclass,Bacteria,Proteobacteria,Gammaproteobacteria,Enterobacteriales,Enterobacteriaceae,NA,0.916286857147978,No
g__Faecalibacterium,g__Faecalibacterium,Bacteria,Firmicutes,Clostridia,Clostridiales,Ruminococcaceae,Faecalibacterium,0.663377786531736,Yes_Decreased
g__Pseudomonas,g__Pseudomonas,Bacteria,Proteobacteria,Gammaproteobacteria,Pseudomonadales,Pseudomonadaceae,Pseudomonas,0.806326002436709,No
g__Agathobacter,g__Agathobacter,Bacteria,Firmicutes,Clostridia,Clostridiales,Lachnospiraceae,Agathobacter,0.564341956507433,Yes_Decreased
g__Proteus,g__Proteus,Bacteria,Proteobacteria,Gammaproteobacteria,Enterobacteriales,Enterobacteriaceae,Proteus,0.576433353950059,No
g__Akkermansia,g__Akkermansia,Bacteria,Verrucomicrobia,Verrucomicrobiae,Verrucomicrobiales,Akkermansiaceae,Akkermansia,1.33929484912509,No
g__Subdoligranulum,g__Subdoligranulum,Bacteria,Firmicutes,Clostridia,Clostridiales,Ruminococcaceae,Subdoligranulum,1.06739982642428,No
g__Acidaminococcus,g__Acidaminococcus,Bacteria,Firmicutes,Negativicutes,Selenomonadales,Acidaminococcaceae,Acidaminococcus,2.05669399957014,No
f__Lachnospiraceae_unclass,f__Lachnospiraceae_unclass,Bacteria,Firmicutes,Clostridia,Clostridiales,Lachnospiraceae,NA,0.998076669663328,No
g__Parabacteroides,g__Parabacteroides,Bacteria,Bacteroidetes,Bacteroidia,Bacteroidales,Tannerellaceae,Parabacteroides,1.11445160643702,No
g__Ruminococcus_2,g__Ruminococcus_2,Bacteria,Firmicutes,Clostridia,Clostridiales,Ruminococcaceae,Ruminococcus_2,0.781602024381325,No
g__Blautia,g__Blautia,Bacteria,Firmicutes,Clostridia,Clostridiales,Lachnospiraceae,Blautia,0.78749458072441,Yes_Decreased
g__Megasphaera,g__Megasphaera,Bacteria,Firmicutes,Negativicutes,Selenomonadales,Veillonellaceae,Megasphaera,2.47899465091657,No
g__Alistipes,g__Alistipes,Bacteria,Bacteroidetes,Bacteroidia,Bacteroidales,Rikenellaceae,Alistipes,0.982296647439444,No
g__Bifidobacterium,g__Bifidobacterium,Bacteria,Actinobacteria,Actinobacteria,Bifidobacteriales,Bifidobacteriaceae,Bifidobacterium,2.71697006651676,Yes_Increased
g__Streptococcus,g__Streptococcus,Bacteria,Firmicutes,Bacilli,Lactobacillales,Streptococcaceae,Streptococcus,0.989083347294165,No
g__Oscillibacter,g__Oscillibacter,Bacteria,Firmicutes,Clostridia,Clostridiales,Ruminococcaceae,Oscillibacter,1.14423006704705,No
g__Collinsella,g__Collinsella,Bacteria,Actinobacteria,Coriobacteriia,Coriobacteriales,Coriobacteriaceae,Collinsella,1.36390640554235,No
g__Ruminiclostridium_6,g__Ruminiclostridium_6,Bacteria,Firmicutes,Clostridia,Clostridiales,Ruminococcaceae,Ruminiclostridium_6,0.641776730930396,No
g__Dialister,g__Dialister,Bacteria,Firmicutes,Negativicutes,Selenomonadales,Veillonellaceae,Dialister,1.44806296075532,No
g__Parasutterella,g__Parasutterella,Bacteria,Proteobacteria,Gammaproteobacteria,Betaproteobacteriales,Burkholderiaceae,Parasutterella,1.35151220755938,No
g__Fusicatenibacter,g__Fusicatenibacter,Bacteria,Firmicutes,Clostridia,Clostridiales,Lachnospiraceae,Fusicatenibacter,0.685830266708984,Yes_Decreased
g__Methanobrevibacter,g__Methanobrevibacter,Archaea,Euryarchaeota,Methanobacteria,Methanobacteriales,Methanobacteriaceae,Methanobrevibacter,1.60974183038837,No
g__Anaerostipes,g__Anaerostipes,Bacteria,Firmicutes,Clostridia,Clostridiales,Lachnospiraceae,Anaerostipes,0.77719920967338,No
g__UBA1819,g__UBA1819,Bacteria,Firmicutes,Clostridia,Clostridiales,Ruminococcaceae,UBA1819,1.38314475409449,No
g__Flavonifractor,g__Flavonifractor,Bacteria,Firmicutes,Clostridia,Clostridiales,Ruminococcaceae,Flavonifractor,0.965628285569566,No
g__Ezakiella,g__Ezakiella,Bacteria,Firmicutes,Clostridia,Clostridiales,Family_XI,Ezakiella,3.17562039228882,No
g__Klebsiella,g__Klebsiella,Bacteria,Proteobacteria,Gammaproteobacteria,Enterobacteriales,Enterobacteriaceae,Klebsiella,0.22067959641604,No
g__Lachnoclostridium,g__Lachnoclostridium,Bacteria,Firmicutes,Clostridia,Clostridiales,Lachnospiraceae,Lachnoclostridium,0.911117850468151,No
g__Ruminococcaceae_UCG-002,g__Ruminococcaceae_UCG-002,Bacteria,Firmicutes,Clostridia,Clostridiales,Ruminococcaceae,Ruminococcaceae_UCG-002,1.23517042462634,No
g__Tyzzerella_4,g__Tyzzerella_4,Bacteria,Firmicutes,Clostridia,Clostridiales,Lachnospiraceae,Tyzzerella_4,4.49542354404779,No
g__Odoribacter,g__Odoribacter,Bacteria,Bacteroidetes,Bacteroidia,Bacteroidales,Marinifilaceae,Odoribacter,1.08572795421793,No
f__Ruminococcaceae_unclass,f__Ruminococcaceae_unclass,Bacteria,Firmicutes,Clostridia,Clostridiales,Ruminococcaceae,NA,1.67757144371721,No
g__Roseburia,g__Roseburia,Bacteria,Firmicutes,Clostridia,Clostridiales,Lachnospiraceae,Roseburia,0.600778483170853,Yes_Decreased
g__Corynebacterium_1,g__Corynebacterium_1,Bacteria,Actinobacteria,Actinobacteria,Corynebacteriales,Corynebacteriaceae,Corynebacterium_1,2.53412560002912,Yes_Increased
g__Cloacibacillus,g__Cloacibacillus,Bacteria,Synergistetes,Synergistia,Synergistales,Synergistaceae,Cloacibacillus,2.79928346135105,No
g__Romboutsia,g__Romboutsia,Bacteria,Firmicutes,Clostridia,Clostridiales,Peptostreptococcaceae,Romboutsia,1.38986521674075,No
g__Dorea,g__Dorea,Bacteria,Firmicutes,Clostridia,Clostridiales,Lachnospiraceae,Dorea,0.986631252293609,No
g__Prevotella_9,g__Prevotella_9,Bacteria,Bacteroidetes,Bacteroidia,Bacteroidales,Prevotellaceae,Prevotella_9,0.746174266821931,No
g__Ruminococcaceae_UCG-005,g__Ruminococcaceae_UCG-005,Bacteria,Firmicutes,Clostridia,Clostridiales,Ruminococcaceae,Ruminococcaceae_UCG-005,1.30511597749291,No
g__Ruminococcaceae_UCG-003,g__Ruminococcaceae_UCG-003,Bacteria,Firmicutes,Clostridia,Clostridiales,Ruminococcaceae,Ruminococcaceae_UCG-003,0.931255173770766,No
g__Megamonas,g__Megamonas,Bacteria,Firmicutes,Negativicutes,Selenomonadales,Veillonellaceae,Megamonas,1.81391577459915,No
g__Lachnospira,g__Lachnospira,Bacteria,Firmicutes,Clostridia,Clostridiales,Lachnospiraceae,Lachnospira,0.675033978710382,Yes_Decreased
g__Ruminococcus_1,g__Ruminococcus_1,Bacteria,Firmicutes,Clostridia,Clostridiales,Ruminococcaceae,Ruminococcus_1,0.78866317270028,No
g__Lachnospiraceae_NK4A136_group,g__Lachnospiraceae_NK4A136_group,Bacteria,Firmicutes,Clostridia,Clostridiales,Lachnospiraceae,Lachnospiraceae_NK4A136_group,0.929654982832835,No
g__Bilophila,g__Bilophila,Bacteria,Proteobacteria,Deltaproteobacteria,Desulfovibrionales,Desulfovibrionaceae,Bilophila,1.08425460237879,No
g__Ruminiclostridium_9,g__Ruminiclostridium_9,Bacteria,Firmicutes,Clostridia,Clostridiales,Ruminococcaceae,Ruminiclostridium_9,0.983537880824174,No
g__Enterococcus,g__Enterococcus,Bacteria,Firmicutes,Bacilli,Lactobacillales,Enterococcaceae,Enterococcus,0.978546695393843,No
g__Eisenbergiella,g__Eisenbergiella,Bacteria,Firmicutes,Clostridia,Clostridiales,Lachnospiraceae,Eisenbergiella,2.0924522333477,No
g__Veillonella,g__Veillonella,Bacteria,Firmicutes,Negativicutes,Selenomonadales,Veillonellaceae,Veillonella,0.606462267138833,No
g__Morganella,g__Morganella,Bacteria,Proteobacteria,Gammaproteobacteria,Enterobacteriales,Enterobacteriaceae,Morganella,3.59588435794549,No
o__Bacillales_unclass,o__Bacillales_unclass,Bacteria,Firmicutes,Bacilli,Bacillales,NA,NA,2.26891932626927,No
g__Barnesiella,g__Barnesiella,Bacteria,Bacteroidetes,Bacteroidia,Bacteroidales,Barnesiellaceae,Barnesiella,1.17819698647091,No
o__Clostridiales_unclass,o__Clostridiales_unclass,Bacteria,Firmicutes,Clostridia,Clostridiales,NA,NA,1.76058086842472,No
g__Ruminococcaceae_NK4A214_group,g__Ruminococcaceae_NK4A214_group,Bacteria,Firmicutes,Clostridia,Clostridiales,Ruminococcaceae,Ruminococcaceae_NK4A214_group,0.97554664859004,No
g__Ruminiclostridium_5,g__Ruminiclostridium_5,Bacteria,Firmicutes,Clostridia,Clostridiales,Ruminococcaceae,Ruminiclostridium_5,1.26322029625169,No
g__Lactobacillus,g__Lactobacillus,Bacteria,Firmicutes,Bacilli,Lactobacillales,Lactobacillaceae,Lactobacillus,1.57108796381589,Yes_Increased
g__Tyzzerella,g__Tyzzerella,Bacteria,Firmicutes,Clostridia,Clostridiales,Lachnospiraceae,Tyzzerella,1.50647815645928,No
g__Clostridium_sensu_stricto_1,g__Clostridium_sensu_stricto_1,Bacteria,Firmicutes,Clostridia,Clostridiales,Clostridiaceae_1,Clostridium_sensu_stricto_1,1.81803167953366,No
g__Delftia,g__Delftia,Bacteria,Proteobacteria,Gammaproteobacteria,Betaproteobacteriales,Burkholderiaceae,Delftia,220.195261571625,No
g__Coprococcus_3,g__Coprococcus_3,Bacteria,Firmicutes,Clostridia,Clostridiales,Lachnospiraceae,Coprococcus_3,0.885240831151283,No
g__Negativibacillus,g__Negativibacillus,Bacteria,Firmicutes,Clostridia,Clostridiales,Ruminococcaceae,Negativibacillus,0.918696317457005,No
g__Acinetobacter,g__Acinetobacter,Bacteria,Proteobacteria,Gammaproteobacteria,Pseudomonadales,Moraxellaceae,Acinetobacter,140.932097667193,No
g__Finegoldia,g__Finegoldia,Bacteria,Firmicutes,Clostridia,Clostridiales,Family_XI,Finegoldia,2.60288203946457,No
g__Christensenellaceae_R-7_group,g__Christensenellaceae_R-7_group,Bacteria,Firmicutes,Clostridia,Clostridiales,Christensenellaceae,Christensenellaceae_R-7_group,0.989061038331537,No
g__Ruminococcaceae_UCG-013,g__Ruminococcaceae_UCG-013,Bacteria,Firmicutes,Clostridia,Clostridiales,Ruminococcaceae,Ruminococcaceae_UCG-013,0.734184933562764,No
g__Prevotella_7,g__Prevotella_7,Bacteria,Bacteroidetes,Bacteroidia,Bacteroidales,Prevotellaceae,Prevotella_7,1.33193352866366,No
f__Planococcaceae_unclass,f__Planococcaceae_unclass,Bacteria,Firmicutes,Bacilli,Bacillales,Planococcaceae,NA,2.38976774020916,No
g__Lachnospiraceae_ND3007_group,g__Lachnospiraceae_ND3007_group,Bacteria,Firmicutes,Clostridia,Clostridiales,Lachnospiraceae,Lachnospiraceae_ND3007_group,0.591462070641249,Yes_Decreased
g__Peptoniphilus,g__Peptoniphilus,Bacteria,Firmicutes,Clostridia,Clostridiales,Family_XI,Peptoniphilus,2.13859787188299,No
g__Stenotrophomonas,g__Stenotrophomonas,Bacteria,Proteobacteria,Gammaproteobacteria,Xanthomonadales,Xanthomonadaceae,Stenotrophomonas,235.646930659696,No
g__Intestinibacter,g__Intestinibacter,Bacteria,Firmicutes,Clostridia,Clostridiales,Peptostreptococcaceae,Intestinibacter,0.927415310521937,No
g__Intestinimonas,g__Intestinimonas,Bacteria,Firmicutes,Clostridia,Clostridiales,Ruminococcaceae,Intestinimonas,0.829620365504364,No
g__Hungatella,g__Hungatella,Bacteria,Firmicutes,Clostridia,Clostridiales,Lachnospiraceae,Hungatella,1.77488613621868,No
g__Butyricicoccus,g__Butyricicoccus,Bacteria,Firmicutes,Clostridia,Clostridiales,Ruminococcaceae,Butyricicoccus,0.676885031827267,Yes_Decreased
g__Succiniclasticum,g__Succiniclasticum,Bacteria,Firmicutes,Negativicutes,Selenomonadales,Acidaminococcaceae,Succiniclasticum,4.06383265094582,No
g__Desulfovibrio,g__Desulfovibrio,Bacteria,Proteobacteria,Deltaproteobacteria,Desulfovibrionales,Desulfovibrionaceae,Desulfovibrio,1.80791353929342,No
g__Ruminococcaceae_UCG-004,g__Ruminococcaceae_UCG-004,Bacteria,Firmicutes,Clostridia,Clostridiales,Ruminococcaceae,Ruminococcaceae_UCG-004,1.22509010511555,No
g__Ruminococcaceae_UCG-014,g__Ruminococcaceae_UCG-014,Bacteria,Firmicutes,Clostridia,Clostridiales,Ruminococcaceae,Ruminococcaceae_UCG-014,0.613454899476659,No
f__Veillonellaceae_unclass,f__Veillonellaceae_unclass,Bacteria,Firmicutes,Negativicutes,Selenomonadales,Veillonellaceae,NA,2.16756901370468,No
g__Pediococcus,g__Pediococcus,Bacteria,Firmicutes,Bacilli,Lactobacillales,Lactobacillaceae,Pediococcus,3.10518204557464,No
g__Pseudoxanthomonas,g__Pseudoxanthomonas,Bacteria,Proteobacteria,Gammaproteobacteria,Xanthomonadales,Xanthomonadaceae,Pseudoxanthomonas,289.612499559066,No
g__Eggerthella,g__Eggerthella,Bacteria,Actinobacteria,Coriobacteriia,Coriobacteriales,Eggerthellaceae,Eggerthella,0.93340364011739,No
g__Paraprevotella,g__Paraprevotella,Bacteria,Bacteroidetes,Bacteroidia,Bacteroidales,Prevotellaceae,Paraprevotella,0.804002576096374,No
g__Butyrivibrio,g__Butyrivibrio,Bacteria,Firmicutes,Clostridia,Clostridiales,Lachnospiraceae,Butyrivibrio,0.729454381058026,No
g__Family_XIII_AD3011_group,g__Family_XIII_AD3011_group,Bacteria,Firmicutes,Clostridia,Clostridiales,Family_XIII,Family_XIII_AD3011_group,1.26451246062318,No
g__Staphylococcus,g__Staphylococcus,Bacteria,Firmicutes,Bacilli,Bacillales,Staphylococcaceae,Staphylococcus,1.29301663682313,No
g__Comamonas,g__Comamonas,Bacteria,Proteobacteria,Gammaproteobacteria,Betaproteobacteriales,Burkholderiaceae,Comamonas,3.46022963499133,No
g__Kosakonia,g__Kosakonia,Bacteria,Proteobacteria,Gammaproteobacteria,Enterobacteriales,Enterobacteriaceae,Kosakonia,112.193440731731,No
g__Butyricimonas,g__Butyricimonas,Bacteria,Bacteroidetes,Bacteroidia,Bacteroidales,Marinifilaceae,Butyricimonas,1.37277845737431,No
g__Sutterella,g__Sutterella,Bacteria,Proteobacteria,Gammaproteobacteria,Betaproteobacteriales,Burkholderiaceae,Sutterella,1.66634443618624,No
g__Methanomassiliicoccus,g__Methanomassiliicoccus,Archaea,Euryarchaeota,Thermoplasmata,Methanomassiliicoccales,Methanomassiliicoccaceae,Methanomassiliicoccus,3.40229603368895,No
g__Lachnospiraceae_UCG-010,g__Lachnospiraceae_UCG-010,Bacteria,Firmicutes,Clostridia,Clostridiales,Lachnospiraceae,Lachnospiraceae_UCG-010,1.16079957359561,No
o__Rhodospirillales_unclass,o__Rhodospirillales_unclass,Bacteria,Proteobacteria,Alphaproteobacteria,Rhodospirillales,NA,NA,1.08115866662187,No
g__Porphyromonas,g__Porphyromonas,Bacteria,Bacteroidetes,Bacteroidia,Bacteroidales,Porphyromonadaceae,Porphyromonas,2.93910018026324,Yes_Increased
g__Coprococcus_2,g__Coprococcus_2,Bacteria,Firmicutes,Clostridia,Clostridiales,Lachnospiraceae,Coprococcus_2,0.403258951026393,No
f__Pseudomonadaceae_unclass,f__Pseudomonadaceae_unclass,Bacteria,Proteobacteria,Gammaproteobacteria,Pseudomonadales,Pseudomonadaceae,NA,19.1614925298541,No
g__Prevotella,g__Prevotella,Bacteria,Bacteroidetes,Bacteroidia,Bacteroidales,Prevotellaceae,Prevotella,4.39043380094875,Yes_Increased
c__Clostridia_unclass,c__Clostridia_unclass,Bacteria,Firmicutes,Clostridia,NA,NA,NA,2.45878976280548,No
g__Streptomyces,g__Streptomyces,Bacteria,Actinobacteria,Actinobacteria,Streptomycetales,Streptomycetaceae,Streptomyces,2.29638275952623,No
g__Prevotella_6,g__Prevotella_6,Bacteria,Bacteroidetes,Bacteroidia,Bacteroidales,Prevotellaceae,Prevotella_6,2.77761840546875,No
g__Coprococcus_1,g__Coprococcus_1,Bacteria,Firmicutes,Clostridia,Clostridiales,Lachnospiraceae,Coprococcus_1,1.30269464222085,No
g__Lachnospiraceae_UCG-004,g__Lachnospiraceae_UCG-004,Bacteria,Firmicutes,Clostridia,Clostridiales,Lachnospiraceae,Lachnospiraceae_UCG-004,0.379879652190324,Yes_Decreased
f__Corynebacteriaceae_unclass,f__Corynebacteriaceae_unclass,Bacteria,Actinobacteria,Actinobacteria,Corynebacteriales,Corynebacteriaceae,NA,0.897931872933278,No
g__Sellimonas,g__Sellimonas,Bacteria,Firmicutes,Clostridia,Clostridiales,Lachnospiraceae,Sellimonas,1.67915845745336,No
g__Coprobacter,g__Coprobacter,Bacteria,Bacteroidetes,Bacteroidia,Bacteroidales,Barnesiellaceae,Coprobacter,2.1010649399133,No
g__Anaerococcus,g__Anaerococcus,Bacteria,Firmicutes,Clostridia,Clostridiales,Family_XI,Anaerococcus,2.55856042259725,No
g__CAG-352,g__CAG-352,Bacteria,Firmicutes,Clostridia,Clostridiales,Ruminococcaceae,CAG-352,0.888196364457216,No
g__CAG-873,g__CAG-873,Bacteria,Bacteroidetes,Bacteroidia,Bacteroidales,Muribaculaceae,CAG-873,2.22059814090302,No
g__Providencia,g__Providencia,Bacteria,Proteobacteria,Gammaproteobacteria,Enterobacteriales,Enterobacteriaceae,Providencia,5.39514336917827,No
g__Prevotellaceae_UCG-001,g__Prevotellaceae_UCG-001,Bacteria,Bacteroidetes,Bacteroidia,Bacteroidales,Prevotellaceae,Prevotellaceae_UCG-001,0.258503613953625,No
g__Anaerotruncus,g__Anaerotruncus,Bacteria,Firmicutes,Clostridia,Clostridiales,Ruminococcaceae,Anaerotruncus,1.68873979462041,No
g__Fournierella,g__Fournierella,Bacteria,Firmicutes,Clostridia,Clostridiales,Ruminococcaceae,Fournierella,0.921678948865226,No
g__Turicibacter,g__Turicibacter,Bacteria,Firmicutes,Erysipelotrichia,Erysipelotrichales,Erysipelotrichaceae,Turicibacter,2.10594082588787,No
g__Murdochiella,g__Murdochiella,Bacteria,Firmicutes,Clostridia,Clostridiales,Family_XI,Murdochiella,2.25472054858674,No
g__Lachnospiraceae_UCG-001,g__Lachnospiraceae_UCG-001,Bacteria,Firmicutes,Clostridia,Clostridiales,Lachnospiraceae,Lachnospiraceae_UCG-001,0.389673731410092,No
g__Flavobacterium,g__Flavobacterium,Bacteria,Bacteroidetes,Bacteroidia,Flavobacteriales,Flavobacteriaceae,Flavobacterium,18105.7263159681,No
g__Campylobacter,g__Campylobacter,Bacteria,Epsilonbacteraeota,Campylobacteria,Campylobacterales,Campylobacteraceae,Campylobacter,4.09319822251882,No
g__Oscillospira,g__Oscillospira,Bacteria,Firmicutes,Clostridia,Clostridiales,Ruminococcaceae,Oscillospira,0.639417096866026,Yes_Decreased
g__Weissella,g__Weissella,Bacteria,Firmicutes,Bacilli,Lactobacillales,Leuconostocaceae,Weissella,1.32224177332345,No
g__Varibaculum,g__Varibaculum,Bacteria,Actinobacteria,Actinobacteria,Actinomycetales,Actinomycetaceae,Varibaculum,1.79050691019293,No
g__Adlercreutzia,g__Adlercreutzia,Bacteria,Actinobacteria,Coriobacteriia,Coriobacteriales,Eggerthellaceae,Adlercreutzia,1.25158622337278,No
g__CAG-56,g__CAG-56,Bacteria,Firmicutes,Clostridia,Clostridiales,Lachnospiraceae,CAG-56,0.903004384388602,No
g__DTU089,g__DTU089,Bacteria,Firmicutes,Clostridia,Clostridiales,Ruminococcaceae,DTU089,0.780363799451134,No
g__S5-A14a,g__S5-A14a,Bacteria,Firmicutes,Clostridia,Clostridiales,Family_XIII,S5-A14a,2.69105374836742,No
f__Family_XIII_unclass,f__Family_XIII_unclass,Bacteria,Firmicutes,Clostridia,Clostridiales,Family_XIII,NA,1.52159787385199,No
o__Izimaplasmatales_unclass,o__Izimaplasmatales_unclass,Bacteria,Tenericutes,Mollicutes,Izimaplasmatales,NA,NA,0.769861062878933,No
f__Sphingomonadaceae_unclass,f__Sphingomonadaceae_unclass,Bacteria,Proteobacteria,Alphaproteobacteria,Sphingomonadales,Sphingomonadaceae,NA,172.9490624068,No
g__Pyramidobacter,g__Pyramidobacter,Bacteria,Synergistetes,Synergistia,Synergistales,Synergistaceae,Pyramidobacter,1.56248117879786,No
g__Lysinibacillus,g__Lysinibacillus,Bacteria,Firmicutes,Bacilli,Bacillales,Planococcaceae,Lysinibacillus,0.0794480729270298,No
g__Prevotellaceae_NK3B31_group,g__Prevotellaceae_NK3B31_group,Bacteria,Bacteroidetes,Bacteroidia,Bacteroidales,Prevotellaceae,Prevotellaceae_NK3B31_group,0.479277685800322,No
g__Mobiluncus,g__Mobiluncus,Bacteria,Actinobacteria,Actinobacteria,Actinomycetales,Actinomycetaceae,Mobiluncus,1.71572082294784,No
f__Saccharimonadaceae_unclass,f__Saccharimonadaceae_unclass,Bacteria,Patescibacteria,Saccharimonadia,Saccharimonadales,Saccharimonadaceae,NA,1.43787189484077,No
g__Actinomyces,g__Actinomyces,Bacteria,Actinobacteria,Actinobacteria,Actinomycetales,Actinomycetaceae,Actinomyces,1.44813351628075,No
g__Lawsonella,g__Lawsonella,Bacteria,Actinobacteria,Actinobacteria,Corynebacteriales,Corynebacteriaceae,Lawsonella,4.43451965831544,No
g__Tyzzerella_3,g__Tyzzerella_3,Bacteria,Firmicutes,Clostridia,Clostridiales,Lachnospiraceae,Tyzzerella_3,0.403197566121741,No
g__Prevotella_2,g__Prevotella_2,Bacteria,Bacteroidetes,Bacteroidia,Bacteroidales,Prevotellaceae,Prevotella_2,0.445129353436896,No
g__UC5-1-2E3,g__UC5-1-2E3,Bacteria,Firmicutes,Clostridia,Clostridiales,Lachnospiraceae,UC5-1-2E3,0.785541015050413,No
f__Methanomethylophilaceae_unclass,f__Methanomethylophilaceae_unclass,Archaea,Euryarchaeota,Thermoplasmata,Methanomassiliicoccales,Methanomethylophilaceae,NA,2.57592118050908,No
g__Sphingobacterium,g__Sphingobacterium,Bacteria,Bacteroidetes,Bacteroidia,Sphingobacteriales,Sphingobacteriaceae,Sphingobacterium,7835.25153801677,No
g__Haemophilus,g__Haemophilus,Bacteria,Proteobacteria,Gammaproteobacteria,Pasteurellales,Pasteurellaceae,Haemophilus,0.732294948437471,No
f__Muribaculaceae_unclass,f__Muribaculaceae_unclass,Bacteria,Bacteroidetes,Bacteroidia,Bacteroidales,Muribaculaceae,NA,0.535434333752063,No
g__Brevundimonas,g__Brevundimonas,Bacteria,Proteobacteria,Alphaproteobacteria,Caulobacterales,Caulobacteraceae,Brevundimonas,60.0381160855431,No
g__Anaeroglobus,g__Anaeroglobus,Bacteria,Firmicutes,Negativicutes,Selenomonadales,Veillonellaceae,Anaeroglobus,1.33335233101283,No
g__Lactococcus,g__Lactococcus,Bacteria,Firmicutes,Bacilli,Lactobacillales,Streptococcaceae,Lactococcus,1.54100606102146,No
g__Succinivibrio,g__Succinivibrio,Bacteria,Proteobacteria,Gammaproteobacteria,Aeromonadales,Succinivibrionaceae,Succinivibrio,Inf,No
o__Bacteroidales_unclass,o__Bacteroidales_unclass,Bacteria,Bacteroidetes,Bacteroidia,Bacteroidales,NA,NA,0.845567557147897,No
p__Firmicutes_unclass,p__Firmicutes_unclass,Bacteria,Firmicutes,NA,NA,NA,NA,1.48937914859885,No
g__Microbacterium,g__Microbacterium,Bacteria,Actinobacteria,Actinobacteria,Micrococcales,Microbacteriaceae,Microbacterium,1.11443564630437,No
g__Synergistes,g__Synergistes,Bacteria,Synergistetes,Synergistia,Synergistales,Synergistaceae,Synergistes,14.8998896781861,No
g__Sedimentibacter,g__Sedimentibacter,Bacteria,Firmicutes,Clostridia,Clostridiales,Family_XI,Sedimentibacter,0.030049112191854,No
g__Oceanobacillus,g__Oceanobacillus,Bacteria,Firmicutes,Bacilli,Bacillales,Bacillaceae,Oceanobacillus,0.433966488362971,No
g__Fastidiosipila,g__Fastidiosipila,Bacteria,Firmicutes,Clostridia,Clostridiales,Ruminococcaceae,Fastidiosipila,2.57758637369145,No
g__Chryseobacterium,g__Chryseobacterium,Bacteria,Bacteroidetes,Bacteroidia,Flavobacteriales,Weeksellaceae,Chryseobacterium,1315.30288543678,No
g__Terrisporobacter,g__Terrisporobacter,Bacteria,Firmicutes,Clostridia,Clostridiales,Peptostreptococcaceae,Terrisporobacter,2.53827937604088,No
g__Ruminococcaceae_UCG-010,g__Ruminococcaceae_UCG-010,Bacteria,Firmicutes,Clostridia,Clostridiales,Ruminococcaceae,Ruminococcaceae_UCG-010,1.05405452405589,No
g__Victivallis,g__Victivallis,Bacteria,Lentisphaerae,Lentisphaeria,Victivallales,Victivallaceae,Victivallis,11.4271195750951,No
g__Howardella,g__Howardella,Bacteria,Firmicutes,Clostridia,Clostridiales,Lachnospiraceae,Howardella,1.41737885199073,No
g__Angelakisella,g__Angelakisella,Bacteria,Firmicutes,Clostridia,Clostridiales,Ruminococcaceae,Angelakisella,1.196765970653,No
g__GCA-900066575,g__GCA-900066575,Bacteria,Firmicutes,Clostridia,Clostridiales,Lachnospiraceae,GCA-900066575,0.863210736236981,No
g__Eubacterium,g__Eubacterium,Bacteria,Firmicutes,Clostridia,Clostridiales,Eubacteriaceae,Eubacterium,2.18779567886778,No
f__Clostridiales_vadinBB60_group_unclass,f__Clostridiales_vadinBB60_group_unclass,Bacteria,Firmicutes,Clostridia,Clostridiales,Clostridiales_vadinBB60_group,NA,1.19920439363592,No
f__Bacillaceae_unclass,f__Bacillaceae_unclass,Bacteria,Firmicutes,Bacilli,Bacillales,Bacillaceae,NA,0.113220042816009,No
g__Oligella,g__Oligella,Bacteria,Proteobacteria,Gammaproteobacteria,Betaproteobacteriales,Burkholderiaceae,Oligella,0.422574778833085,No
g__Gardnerella,g__Gardnerella,Bacteria,Actinobacteria,Actinobacteria,Bifidobacteriales,Bifidobacteriaceae,Gardnerella,1.8638761534996,No
g__Erysipelotrichaceae_UCG-003,g__Erysipelotrichaceae_UCG-003,Bacteria,Firmicutes,Erysipelotrichia,Erysipelotrichales,Erysipelotrichaceae,Erysipelotrichaceae_UCG-003,0.57814908916783,No
g__Fusobacterium,g__Fusobacterium,Bacteria,Fusobacteria,Fusobacteriia,Fusobacteriales,Fusobacteriaceae,Fusobacterium,1.96515486605347,No
g__Edwardsiella,g__Edwardsiella,Bacteria,Proteobacteria,Gammaproteobacteria,Enterobacteriales,Enterobacteriaceae,Edwardsiella,0,No
g__Peptoclostridium,g__Peptoclostridium,Bacteria,Firmicutes,Clostridia,Clostridiales,Peptostreptococcaceae,Peptoclostridium,0.236763940856483,No
f__Coriobacteriales_Incertae_Sedis_unclass,f__Coriobacteriales_Incertae_Sedis_unclass,Bacteria,Actinobacteria,Coriobacteriia,Coriobacteriales,Coriobacteriales_Incertae_Sedis,NA,0.959478371096723,No
g__Pseudogracilibacillus,g__Pseudogracilibacillus,Bacteria,Firmicutes,Bacilli,Bacillales,Bacillaceae,Pseudogracilibacillus,0.00677436031570141,No
g__Alloprevotella,g__Alloprevotella,Bacteria,Bacteroidetes,Bacteroidia,Bacteroidales,Prevotellaceae,Alloprevotella,2.71466921741212,No
g__Nocardiopsis,g__Nocardiopsis,Bacteria,Actinobacteria,Actinobacteria,Streptosporangiales,Nocardiopsaceae,Nocardiopsis,Inf,No
g__Marvinbryantia,g__Marvinbryantia,Bacteria,Firmicutes,Clostridia,Clostridiales,Lachnospiraceae,Marvinbryantia,2.14015615930615,No
g__Enorma,g__Enorma,Bacteria,Actinobacteria,Coriobacteriia,Coriobacteriales,Coriobacteriaceae,Enorma,7.64448264430046,No
g__Dysgonomonas,g__Dysgonomonas,Bacteria,Bacteroidetes,Bacteroidia,Bacteroidales,Dysgonomonadaceae,Dysgonomonas,37.7114407313912,No
f__Peptococcaceae_unclass,f__Peptococcaceae_unclass,Bacteria,Firmicutes,Clostridia,Clostridiales,Peptococcaceae,NA,1.20143587447904,No
g__GCA-900066225,g__GCA-900066225,Bacteria,Firmicutes,Clostridia,Clostridiales,Ruminococcaceae,GCA-900066225,1.39612433224938,No
g__Hydrogenoanaerobacterium,g__Hydrogenoanaerobacterium,Bacteria,Firmicutes,Clostridia,Clostridiales,Ruminococcaceae,Hydrogenoanaerobacterium,2.33837393875562,No
g__Ochrobactrum,g__Ochrobactrum,Bacteria,Proteobacteria,Alphaproteobacteria,Rhizobiales,Rhizobiaceae,Ochrobactrum,34.5939773268411,No
g__Methanosphaera,g__Methanosphaera,Archaea,Euryarchaeota,Methanobacteria,Methanobacteriales,Methanobacteriaceae,Methanosphaera,1.26180696019533,No
f__Prevotellaceae_unclass,f__Prevotellaceae_unclass,Bacteria,Bacteroidetes,Bacteroidia,Bacteroidales,Prevotellaceae,NA,0.469421176216642,No
g__Erysipelatoclostridium,g__Erysipelatoclostridium,Bacteria,Firmicutes,Erysipelotrichia,Erysipelotrichales,Erysipelotrichaceae,Erysipelatoclostridium,0.794280406617951,No
g__Achromobacter,g__Achromobacter,Bacteria,Proteobacteria,Gammaproteobacteria,Betaproteobacteriales,Burkholderiaceae,Achromobacter,273.80298849992,No
f__Barnesiellaceae_unclass,f__Barnesiellaceae_unclass,Bacteria,Bacteroidetes,Bacteroidia,Bacteroidales,Barnesiellaceae,NA,0.822413263968585,No
g__Sphingopyxis,g__Sphingopyxis,Bacteria,Proteobacteria,Alphaproteobacteria,Sphingomonadales,Sphingomonadaceae,Sphingopyxis,670.307768717777,No
g__Rikenellaceae_RC9_gut_group,g__Rikenellaceae_RC9_gut_group,Bacteria,Bacteroidetes,Bacteroidia,Bacteroidales,Rikenellaceae,Rikenellaceae_RC9_gut_group,8.09864743801663,No
f__Lactobacillaceae_unclass,f__Lactobacillaceae_unclass,Bacteria,Firmicutes,Bacilli,Lactobacillales,Lactobacillaceae,NA,Inf,No
f__Rikenellaceae_unclass,f__Rikenellaceae_unclass,Bacteria,Bacteroidetes,Bacteroidia,Bacteroidales,Rikenellaceae,NA,1.2377843137036,No
o__Gastranaerophilales_unclass,o__Gastranaerophilales_unclass,Bacteria,Cyanobacteria,Melainabacteria,Gastranaerophilales,NA,NA,0.898314478864894,No
g__Faecalitalea,g__Faecalitalea,Bacteria,Firmicutes,Erysipelotrichia,Erysipelotrichales,Erysipelotrichaceae,Faecalitalea,1.62679903384424,No
g__Lachnospiraceae_NK4B4_group,g__Lachnospiraceae_NK4B4_group,Bacteria,Firmicutes,Clostridia,Clostridiales,Lachnospiraceae,Lachnospiraceae_NK4B4_group,0.40827785472659,No
g__Slackia,g__Slackia,Bacteria,Actinobacteria,Coriobacteriia,Coriobacteriales,Eggerthellaceae,Slackia,1.31266425216742,No
g__Peptococcus,g__Peptococcus,Bacteria,Firmicutes,Clostridia,Clostridiales,Peptococcaceae,Peptococcus,0.756007337950752,No
g__Phocea,g__Phocea,Bacteria,Firmicutes,Clostridia,Clostridiales,Ruminococcaceae,Phocea,0.822816032534961,No
g__Pluralibacter,g__Pluralibacter,Bacteria,Proteobacteria,Gammaproteobacteria,Enterobacteriales,Enterobacteriaceae,Pluralibacter,Inf,No
unclassified,unclassified,NA,NA,NA,NA,NA,NA,0.931749010379775,No
g__Family_XIII_UCG-001,g__Family_XIII_UCG-001,Bacteria,Firmicutes,Clostridia,Clostridiales,Family_XIII,Family_XIII_UCG-001,0.749623052663811,No
c__Bacteroidia_unclass,c__Bacteroidia_unclass,Bacteria,Bacteroidetes,Bacteroidia,NA,NA,NA,4.03405521789613,No
g__Ruminiclostridium_1,g__Ruminiclostridium_1,Bacteria,Firmicutes,Clostridia,Clostridiales,Ruminococcaceae,Ruminiclostridium_1,2.0633178375428,No
f__Burkholderiaceae_unclass,f__Burkholderiaceae_unclass,Bacteria,Proteobacteria,Gammaproteobacteria,Betaproteobacteriales,Burkholderiaceae,NA,0.562035162776344,No
g__Catenibacterium,g__Catenibacterium,Bacteria,Firmicutes,Erysipelotrichia,Erysipelotrichales,Erysipelotrichaceae,Catenibacterium,1.06836999827072,No
g__Shuttleworthia,g__Shuttleworthia,Bacteria,Firmicutes,Clostridia,Clostridiales,Lachnospiraceae,Shuttleworthia,1.03574262608809,No
g__Ruminococcaceae_UCG-009,g__Ruminococcaceae_UCG-009,Bacteria,Firmicutes,Clostridia,Clostridiales,Ruminococcaceae,Ruminococcaceae_UCG-009,1.45474230179301,No
g__Nosocomiicoccus,g__Nosocomiicoccus,Bacteria,Firmicutes,Bacilli,Bacillales,Staphylococcaceae,Nosocomiicoccus,17.4005755941238,No
g__Candidatus_Stoquefichus,g__Candidatus_Stoquefichus,Bacteria,Firmicutes,Erysipelotrichia,Erysipelotrichales,Erysipelotrichaceae,Candidatus_Stoquefichus,1.57902252300837,No
g__Lachnospiraceae_FCS020_group,g__Lachnospiraceae_FCS020_group,Bacteria,Firmicutes,Clostridia,Clostridiales,Lachnospiraceae,Lachnospiraceae_FCS020_group,0.671729816715333,No
g__Brevibacterium,g__Brevibacterium,Bacteria,Actinobacteria,Actinobacteria,Micrococcales,Brevibacteriaceae,Brevibacterium,0.58160221181653,No
k__Bacteria_unclass,k__Bacteria_unclass,Bacteria,NA,NA,NA,NA,NA,2.07024902906883,No
g__Pseudoclavibacter,g__Pseudoclavibacter,Bacteria,Actinobacteria,Actinobacteria,Micrococcales,Microbacteriaceae,Pseudoclavibacter,6.37244692532199,No
f__Christensenellaceae_unclass,f__Christensenellaceae_unclass,Bacteria,Firmicutes,Clostridia,Clostridiales,Christensenellaceae,NA,1.05236149904178,No
g__Allorhizobium-Neorhizobium-Pararhizobium-Rhizobium,g__Allorhizobium-Neorhizobium-Pararhizobium-Rhizobium,Bacteria,Proteobacteria,Alphaproteobacteria,Rhizobiales,Rhizobiaceae,Allorhizobium-Neorhizobium-Pararhizobium-Rhizobium,0.623527806707441,No
g__Senegalimassilia,g__Senegalimassilia,Bacteria,Actinobacteria,Coriobacteriia,Coriobacteriales,Eggerthellaceae,Senegalimassilia,1.7974195078191,No
g__Gordonibacter,g__Gordonibacter,Bacteria,Actinobacteria,Coriobacteriia,Coriobacteriales,Eggerthellaceae,Gordonibacter,1.1599329085205,No
f__Desulfovibrionaceae_unclass,f__Desulfovibrionaceae_unclass,Bacteria,Proteobacteria,Deltaproteobacteria,Desulfovibrionales,Desulfovibrionaceae,NA,1.02487330144151,No
g__Micrococcus,g__Micrococcus,Bacteria,Actinobacteria,Actinobacteria,Micrococcales,Micrococcaceae,Micrococcus,5.21236137847321,No
g__Bacillus,g__Bacillus,Bacteria,Firmicutes,Bacilli,Bacillales,Bacillaceae,Bacillus,0.154312104798621,No
g__Kocuria,g__Kocuria,Bacteria,Actinobacteria,Actinobacteria,Micrococcales,Micrococcaceae,Kocuria,0.14291070962883,No
g__Mogibacterium,g__Mogibacterium,Bacteria,Firmicutes,Clostridia,Clostridiales,Family_XIII,Mogibacterium,1.99562427167003,No
g__Lachnospiraceae_UCG-003,g__Lachnospiraceae_UCG-003,Bacteria,Firmicutes,Clostridia,Clostridiales,Lachnospiraceae,Lachnospiraceae_UCG-003,0.0989402056930831,No
g__Xylophilus,g__Xylophilus,Bacteria,Proteobacteria,Gammaproteobacteria,Betaproteobacteriales,Burkholderiaceae,Xylophilus,2709.64166920202,No
g__Granulicatella,g__Granulicatella,Bacteria,Firmicutes,Bacilli,Lactobacillales,Carnobacteriaceae,Granulicatella,0.590468607355896,No
g__Candidatus_Soleaferrea,g__Candidatus_Soleaferrea,Bacteria,Firmicutes,Clostridia,Clostridiales,Ruminococcaceae,Candidatus_Soleaferrea,0.863609756645409,No
f__Eggerthellaceae_unclass,f__Eggerthellaceae_unclass,Bacteria,Actinobacteria,Coriobacteriia,Coriobacteriales,Eggerthellaceae,NA,0.551859101445771,No
g__Rhodococcus,g__Rhodococcus,Bacteria,Actinobacteria,Actinobacteria,Corynebacteriales,Nocardiaceae,Rhodococcus,16.8895703378217,No
g__Paenibacillus,g__Paenibacillus,Bacteria,Firmicutes,Bacilli,Bacillales,Paenibacillaceae,Paenibacillus,0.611647776341602,No
g__Negativicoccus,g__Negativicoccus,Bacteria,Firmicutes,Negativicutes,Selenomonadales,Veillonellaceae,Negativicoccus,1.52993640031019,No
g__Sphingomonas,g__Sphingomonas,Bacteria,Proteobacteria,Alphaproteobacteria,Sphingomonadales,Sphingomonadaceae,Sphingomonas,38.2151137541832,No
g__Coprobacillus,g__Coprobacillus,Bacteria,Firmicutes,Erysipelotrichia,Erysipelotrichales,Erysipelotrichaceae,Coprobacillus,0.756641931520644,No
g__GCA-900066755,g__GCA-900066755,Bacteria,Firmicutes,Clostridia,Clostridiales,Lachnospiraceae,GCA-900066755,1.18744608705163,No
g__Paracoccus,g__Paracoccus,Bacteria,Proteobacteria,Alphaproteobacteria,Rhodobacterales,Rhodobacteraceae,Paracoccus,0.15317720651898,No
g__Brevibacillus,g__Brevibacillus,Bacteria,Firmicutes,Bacilli,Bacillales,Paenibacillaceae,Brevibacillus,0.215544158900746,No
g__Olsenella,g__Olsenella,Bacteria,Actinobacteria,Coriobacteriia,Coriobacteriales,Atopobiaceae,Olsenella,13.0526070715911,No
g__Salmonella,g__Salmonella,Bacteria,Proteobacteria,Gammaproteobacteria,Enterobacteriales,Enterobacteriaceae,Salmonella,3.41499570338055,No
g__Brachybacterium,g__Brachybacterium,Bacteria,Actinobacteria,Actinobacteria,Micrococcales,Dermabacteraceae,Brachybacterium,0.0263055138214789,No
g__Brucella,g__Brucella,Bacteria,Proteobacteria,Alphaproteobacteria,Rhizobiales,Rhizobiaceae,Brucella,1.64529460794675,No
g__Anaeroplasma,g__Anaeroplasma,Bacteria,Tenericutes,Mollicutes,Anaeroplasmatales,Anaeroplasmataceae,Anaeroplasma,0,No
g__Sphingobium,g__Sphingobium,Bacteria,Proteobacteria,Alphaproteobacteria,Sphingomonadales,Sphingomonadaceae,Sphingobium,882.565813138726,No
p__Proteobacteria_unclass,p__Proteobacteria_unclass,Bacteria,Proteobacteria,NA,NA,NA,NA,39.6233178644999,No
g__Gallicola,g__Gallicola,Bacteria,Firmicutes,Clostridia,Clostridiales,Family_XI,Gallicola,2.57795293677913,No
g__Ruminiclostridium,g__Ruminiclostridium,Bacteria,Firmicutes,Clostridia,Clostridiales,Ruminococcaceae,Ruminiclostridium,0.372565547080115,No
g__Hafnia-Obesumbacterium,g__Hafnia-Obesumbacterium,Bacteria,Proteobacteria,Gammaproteobacteria,Enterobacteriales,Enterobacteriaceae,Hafnia-Obesumbacterium,5.32844470551683,No
g__Harryflintia,g__Harryflintia,Bacteria,Firmicutes,Clostridia,Clostridiales,Ruminococcaceae,Harryflintia,1.2274445532081,No
g__Rothia,g__Rothia,Bacteria,Actinobacteria,Actinobacteria,Micrococcales,Micrococcaceae,Rothia,0.632421462325118,No
f__Erysipelotrichaceae_unclass,f__Erysipelotrichaceae_unclass,Bacteria,Firmicutes,Erysipelotrichia,Erysipelotrichales,Erysipelotrichaceae,NA,2.30052717538801,No
g__Cerasicoccus,g__Cerasicoccus,Bacteria,Verrucomicrobia,Verrucomicrobiae,Opitutales,Puniceicoccaceae,Cerasicoccus,39.8862632897724,No
g__Cellulosilyticum,g__Cellulosilyticum,Bacteria,Firmicutes,Clostridia,Clostridiales,Lachnospiraceae,Cellulosilyticum,11.8204513345714,No
o__DTU014_unclass,o__DTU014_unclass,Bacteria,Firmicutes,Clostridia,DTU014,NA,NA,1.71011141054468,No
g__Trueperella,g__Trueperella,Bacteria,Actinobacteria,Actinobacteria,Actinomycetales,Actinomycetaceae,Trueperella,15.6670991859433,No
g__Acetanaerobacterium,g__Acetanaerobacterium,Bacteria,Firmicutes,Clostridia,Clostridiales,Ruminococcaceae,Acetanaerobacterium,1.12340889608791,No
g__Jonquetella,g__Jonquetella,Bacteria,Synergistetes,Synergistia,Synergistales,Synergistaceae,Jonquetella,0.701811756807436,No
g__Holdemanella,g__Holdemanella,Bacteria,Firmicutes,Erysipelotrichia,Erysipelotrichales,Erysipelotrichaceae,Holdemanella,1.45192524903125,No
f__Victivallaceae_unclass,f__Victivallaceae_unclass,Bacteria,Lentisphaerae,Lentisphaeria,Victivallales,Victivallaceae,NA,3.32626708567159,No
g__Anaerofilum,g__Anaerofilum,Bacteria,Firmicutes,Clostridia,Clostridiales,Ruminococcaceae,Anaerofilum,1.32292106248163,No
g__Pseudoglutamicibacter,g__Pseudoglutamicibacter,Bacteria,Actinobacteria,Actinobacteria,Micrococcales,Micrococcaceae,Pseudoglutamicibacter,0.948028958286355,No
g__Oxalobacter,g__Oxalobacter,Bacteria,Proteobacteria,Gammaproteobacteria,Betaproteobacteriales,Burkholderiaceae,Oxalobacter,0.978093299333195,No
g__Plesiomonas,g__Plesiomonas,Bacteria,Proteobacteria,Gammaproteobacteria,Enterobacteriales,Enterobacteriaceae,Plesiomonas,Inf,No
g__Yersinia,g__Yersinia,Bacteria,Proteobacteria,Gammaproteobacteria,Enterobacteriales,Enterobacteriaceae,Yersinia,Inf,No
f__Rhizobiaceae_unclass,f__Rhizobiaceae_unclass,Bacteria,Proteobacteria,Alphaproteobacteria,Rhizobiales,Rhizobiaceae,NA,138.473794606549,No
g__Propionibacterium,g__Propionibacterium,Bacteria,Actinobacteria,Actinobacteria,Propionibacteriales,Propionibacteriaceae,Propionibacterium,0.332299776631936,No
g__Cuneatibacter,g__Cuneatibacter,Bacteria,Firmicutes,Clostridia,Clostridiales,Lachnospiraceae,Cuneatibacter,0.948842615391814,No
o__Saccharimonadales_unclass,o__Saccharimonadales_unclass,Bacteria,Patescibacteria,Saccharimonadia,Saccharimonadales,NA,NA,1.41517519582554,No
g__W5053,g__W5053,Bacteria,Firmicutes,Clostridia,Clostridiales,Family_XI,W5053,2.82236879171887,No
g__Allisonella,g__Allisonella,Bacteria,Firmicutes,Negativicutes,Selenomonadales,Veillonellaceae,Allisonella,1.71166081181208,No
g__Parvimonas,g__Parvimonas,Bacteria,Firmicutes,Clostridia,Clostridiales,Family_XI,Parvimonas,34.4467708791587,No
g__Bosea,g__Bosea,Bacteria,Proteobacteria,Alphaproteobacteria,Rhizobiales,Beijerinckiaceae,Bosea,34.0876441863258,No
g__Shinella,g__Shinella,Bacteria,Proteobacteria,Alphaproteobacteria,Rhizobiales,Rhizobiaceae,Shinella,44.7867081564051,No
g__Caproiciproducens,g__Caproiciproducens,Bacteria,Firmicutes,Clostridia,Clostridiales,Ruminococcaceae,Caproiciproducens,1.33794743323402,No
g__Ignatzschineria,g__Ignatzschineria,Bacteria,Proteobacteria,Gammaproteobacteria,Cardiobacteriales,Wohlfahrtiimonadaceae,Ignatzschineria,3.60117417083663,No
g__Herbinix,g__Herbinix,Bacteria,Firmicutes,Clostridia,Clostridiales,Lachnospiraceae,Herbinix,26.4843377252279,No
g__Enterorhabdus,g__Enterorhabdus,Bacteria,Actinobacteria,Coriobacteriia,Coriobacteriales,Eggerthellaceae,Enterorhabdus,0.931671770948641,No
g__Atopobium,g__Atopobium,Bacteria,Actinobacteria,Coriobacteriia,Coriobacteriales,Atopobiaceae,Atopobium,3.40923189437489,No
o__Victivallales_unclass,o__Victivallales_unclass,Bacteria,Lentisphaerae,Lentisphaeria,Victivallales,NA,NA,4.08167520005556,No
g__Holdemania,g__Holdemania,Bacteria,Firmicutes,Erysipelotrichia,Erysipelotrichales,Erysipelotrichaceae,Holdemania,0.982888854858814,No
g__Sporosarcina,g__Sporosarcina,Bacteria,Firmicutes,Bacilli,Bacillales,Planococcaceae,Sporosarcina,153.125294287867,No
o__Mollicutes_RF39_unclass,o__Mollicutes_RF39_unclass,Bacteria,Tenericutes,Mollicutes,Mollicutes_RF39,NA,NA,0.867664659986962,No
g__Anaerobacillus,g__Anaerobacillus,Bacteria,Firmicutes,Bacilli,Bacillales,Bacillaceae,Anaerobacillus,48.5332865035393,No
f__Aerococcaceae_unclass,f__Aerococcaceae_unclass,Bacteria,Firmicutes,Bacilli,Lactobacillales,Aerococcaceae,NA,3.38529243529672,No
g__Lactonifactor,g__Lactonifactor,Bacteria,Firmicutes,Clostridia,Clostridiales,Lachnospiraceae,Lactonifactor,1.47822153800486,No
g__Cutibacterium,g__Cutibacterium,Bacteria,Actinobacteria,Actinobacteria,Propionibacteriales,Propionibacteriaceae,Cutibacterium,2.06471410094337,No
g__Catabacter,g__Catabacter,Bacteria,Firmicutes,Clostridia,Clostridiales,Christensenellaceae,Catabacter,1.07706520802288,No
g__Clostridium_sensu_stricto_2,g__Clostridium_sensu_stricto_2,Bacteria,Firmicutes,Clostridia,Clostridiales,Clostridiaceae_1,Clostridium_sensu_stricto_2,2.21820402196078,No
g__Cellulosimicrobium,g__Cellulosimicrobium,Bacteria,Actinobacteria,Actinobacteria,Micrococcales,Promicromonosporaceae,Cellulosimicrobium,14.0401435832165,No
g__Altererythrobacter,g__Altererythrobacter,Bacteria,Proteobacteria,Alphaproteobacteria,Sphingomonadales,Sphingomonadaceae,Altererythrobacter,Inf,No
g__Ruminococcaceae_UCG-008,g__Ruminococcaceae_UCG-008,Bacteria,Firmicutes,Clostridia,Clostridiales,Ruminococcaceae,Ruminococcaceae_UCG-008,0.507649670668775,No
g__Candidatus_Saccharimonas,g__Candidatus_Saccharimonas,Bacteria,Patescibacteria,Saccharimonadia,Saccharimonadales,Saccharimonadaceae,Candidatus_Saccharimonas,25.4276627359331,No
g__Sphaerochaeta,g__Sphaerochaeta,Bacteria,Spirochaetes,Spirochaetia,Spirochaetales,Spirochaetaceae,Sphaerochaeta,Inf,No
g__Paeniclostridium,g__Paeniclostridium,Bacteria,Firmicutes,Clostridia,Clostridiales,Peptostreptococcaceae,Paeniclostridium,1.85156355358229,No
g__Prevotellaceae_Ga6A1_group,g__Prevotellaceae_Ga6A1_group,Bacteria,Bacteroidetes,Bacteroidia,Bacteroidales,Prevotellaceae,Prevotellaceae_Ga6A1_group,0.0316349983617554,No
g__Gemella,g__Gemella,Bacteria,Firmicutes,Bacilli,Bacillales,Family_XI,Gemella,0.72209235595651,No
o__Coriobacteriales_unclass,o__Coriobacteriales_unclass,Bacteria,Actinobacteria,Coriobacteriia,Coriobacteriales,NA,NA,1.82997255608917,No
g__Dielma,g__Dielma,Bacteria,Firmicutes,Erysipelotrichia,Erysipelotrichales,Erysipelotrichaceae,Dielma,3.20241321023545,No
g__Alloscardovia,g__Alloscardovia,Bacteria,Actinobacteria,Actinobacteria,Bifidobacteriales,Bifidobacteriaceae,Alloscardovia,1.76080271890971,No
f__Peptostreptococcaceae_unclass,f__Peptostreptococcaceae_unclass,Bacteria,Firmicutes,Clostridia,Clostridiales,Peptostreptococcaceae,NA,6.08207024851299,No
g__Actinotignum,g__Actinotignum,Bacteria,Actinobacteria,Actinobacteria,Actinomycetales,Actinomycetaceae,Actinotignum,1.65623681450851,No
g__Lachnoclostridium_10,g__Lachnoclostridium_10,Bacteria,Firmicutes,Clostridia,Clostridiales,Lachnospiraceae,Lachnoclostridium_10,37.2616842964413,No
g__Ruminococcaceae_UCG-011,g__Ruminococcaceae_UCG-011,Bacteria,Firmicutes,Clostridia,Clostridiales,Ruminococcaceae,Ruminococcaceae_UCG-011,1.57938908227182,No
o__Lactobacillales_unclass,o__Lactobacillales_unclass,Bacteria,Firmicutes,Bacilli,Lactobacillales,NA,NA,1.53722292957186,No
o__Chloroplast_unclass,o__Chloroplast_unclass,Bacteria,Cyanobacteria,Oxyphotobacteria,Chloroplast,NA,NA,0.403899149429947,No
g__Defluviitaleaceae_UCG-011,g__Defluviitaleaceae_UCG-011,Bacteria,Firmicutes,Clostridia,Clostridiales,Defluviitaleaceae,Defluviitaleaceae_UCG-011,0.71753260558981,No
g__Facklamia,g__Facklamia,Bacteria,Firmicutes,Bacilli,Lactobacillales,Aerococcaceae,Facklamia,2.09298735020716,No
g__DNF00809,g__DNF00809,Bacteria,Actinobacteria,Coriobacteriia,Coriobacteriales,Eggerthellaceae,DNF00809,1.80969508711261,No
g__Shimwellia,g__Shimwellia,Bacteria,Proteobacteria,Gammaproteobacteria,Enterobacteriales,Enterobacteriaceae,Shimwellia,1.6550810064705,No
g__Epulopiscium,g__Epulopiscium,Bacteria,Firmicutes,Clostridia,Clostridiales,Lachnospiraceae,Epulopiscium,0.0766275414433528,No
g__Clostridium_sensu_stricto_13,g__Clostridium_sensu_stricto_13,Bacteria,Firmicutes,Clostridia,Clostridiales,Clostridiaceae_1,Clostridium_sensu_stricto_13,Inf,No
g__Scardovia,g__Scardovia,Bacteria,Actinobacteria,Actinobacteria,Bifidobacteriales,Bifidobacteriaceae,Scardovia,2.91230864143396,No
g__Glutamicibacter,g__Glutamicibacter,Bacteria,Actinobacteria,Actinobacteria,Micrococcales,Micrococcaceae,Glutamicibacter,Inf,No
g__Anaerofustis,g__Anaerofustis,Bacteria,Firmicutes,Clostridia,Clostridiales,Eubacteriaceae,Anaerofustis,1.46088654717943,No
g__Blastomonas,g__Blastomonas,Bacteria,Proteobacteria,Alphaproteobacteria,Sphingomonadales,Sphingomonadaceae,Blastomonas,Inf,No
g__Lachnospiraceae_UCG-008,g__Lachnospiraceae_UCG-008,Bacteria,Firmicutes,Clostridia,Clostridiales,Lachnospiraceae,Lachnospiraceae_UCG-008,0.276847920541612,No
g__Pectinatus,g__Pectinatus,Bacteria,Firmicutes,Negativicutes,Selenomonadales,Veillonellaceae,Pectinatus,244.179816649094,No
g__Tessaracoccus,g__Tessaracoccus,Bacteria,Actinobacteria,Actinobacteria,Propionibacteriales,Propionibacteriaceae,Tessaracoccus,17.8501910684508,No
g__Propionimicrobium,g__Propionimicrobium,Bacteria,Actinobacteria,Actinobacteria,Propionibacteriales,Propionibacteriaceae,Propionimicrobium,1.53857720858742,No
g__Peptostreptococcus,g__Peptostreptococcus,Bacteria,Firmicutes,Clostridia,Clostridiales,Peptostreptococcaceae,Peptostreptococcus,2.49002961492093,No
g__Actinobaculum,g__Actinobaculum,Bacteria,Actinobacteria,Actinobacteria,Actinomycetales,Actinomycetaceae,Actinobaculum,8.17772610008287,No
f__Clostridiaceae_1_unclass,f__Clostridiaceae_1_unclass,Bacteria,Firmicutes,Clostridia,Clostridiales,Clostridiaceae_1,NA,2.31442211529357,No
g__Sanguibacteroides,g__Sanguibacteroides,Bacteria,Bacteroidetes,Bacteroidia,Bacteroidales,Marinifilaceae,Sanguibacteroides,0.476504300111808,No
f__vadinBE97_unclass,f__vadinBE97_unclass,Bacteria,Lentisphaerae,Lentisphaeria,Victivallales,vadinBE97,NA,1.90606783011709,No
g__Aerococcus,g__Aerococcus,Bacteria,Firmicutes,Bacilli,Lactobacillales,Aerococcaceae,Aerococcus,6.85927437866485,No
g__Rummeliibacillus,g__Rummeliibacillus,Bacteria,Firmicutes,Bacilli,Bacillales,Planococcaceae,Rummeliibacillus,11.6721349906289,No
g__Ornithinibacillus,g__Ornithinibacillus,Bacteria,Firmicutes,Bacilli,Bacillales,Bacillaceae,Ornithinibacillus,0.118593069606095,No
g__Moryella,g__Moryella,Bacteria,Firmicutes,Clostridia,Clostridiales,Lachnospiraceae,Moryella,1.40062548245956,No
g__Novosphingobium,g__Novosphingobium,Bacteria,Proteobacteria,Alphaproteobacteria,Sphingomonadales,Sphingomonadaceae,Novosphingobium,1011.13735493837,No
g__Rikenella,g__Rikenella,Bacteria,Bacteroidetes,Bacteroidia,Bacteroidales,Rikenellaceae,Rikenella,4.7944194775387,No
g__Leuconostoc,g__Leuconostoc,Bacteria,Firmicutes,Bacilli,Lactobacillales,Leuconostocaceae,Leuconostoc,0.251820925013582,No
g__Arcanobacterium,g__Arcanobacterium,Bacteria,Actinobacteria,Actinobacteria,Actinomycetales,Actinomycetaceae,Arcanobacterium,2.47167705635731,No
g__Ruminococcaceae_UCG-007,g__Ruminococcaceae_UCG-007,Bacteria,Firmicutes,Clostridia,Clostridiales,Ruminococcaceae,Ruminococcaceae_UCG-007,0.651336873756961,No
g__Sneathia,g__Sneathia,Bacteria,Fusobacteria,Fusobacteriia,Fusobacteriales,Leptotrichiaceae,Sneathia,15.7641686944529,No
g__Enhydrobacter,g__Enhydrobacter,Bacteria,Proteobacteria,Gammaproteobacteria,Pseudomonadales,Moraxellaceae,Enhydrobacter,72.469975047587,No
g__Clostridium_sensu_stricto_3,g__Clostridium_sensu_stricto_3,Bacteria,Firmicutes,Clostridia,Clostridiales,Clostridiaceae_1,Clostridium_sensu_stricto_3,2.73393869140167,No
f__Succinivibrionaceae_unclass,f__Succinivibrionaceae_unclass,Bacteria,Proteobacteria,Gammaproteobacteria,Aeromonadales,Succinivibrionaceae,NA,7.37241582876626,No
f__Family_XI_unclass,f__Family_XI_unclass,Bacteria,Firmicutes,Clostridia,Clostridiales,Family_XI,NA,0.0801381775427083,No
g__Phenylobacterium,g__Phenylobacterium,Bacteria,Proteobacteria,Alphaproteobacteria,Caulobacterales,Caulobacteraceae,Phenylobacterium,Inf,No
g__Pygmaiobacter,g__Pygmaiobacter,Bacteria,Firmicutes,Clostridia,Clostridiales,Ruminococcaceae,Pygmaiobacter,Inf,No
g__Cupriavidus,g__Cupriavidus,Bacteria,Proteobacteria,Gammaproteobacteria,Betaproteobacteriales,Burkholderiaceae,Cupriavidus,0,No
g__Robinsoniella,g__Robinsoniella,Bacteria,Firmicutes,Clostridia,Clostridiales,Lachnospiraceae,Robinsoniella,3.77595802414499,No
g__Candidatus_Methanomethylophilus,g__Candidatus_Methanomethylophilus,Archaea,Euryarchaeota,Thermoplasmata,Methanomassiliicoccales,Methanomethylophilaceae,Candidatus_Methanomethylophilus,0.199062457304314,No
g__Clostridioides,g__Clostridioides,Bacteria,Firmicutes,Clostridia,Clostridiales,Peptostreptococcaceae,Clostridioides,31.8248751455521,No
f__Rhodobacteraceae_unclass,f__Rhodobacteraceae_unclass,Bacteria,Proteobacteria,Alphaproteobacteria,Rhodobacterales,Rhodobacteraceae,NA,12.766001495589,No
g__Alcaligenes,g__Alcaligenes,Bacteria,Proteobacteria,Gammaproteobacteria,Betaproteobacteriales,Burkholderiaceae,Alcaligenes,Inf,No
g__Pseudorhodoferax,g__Pseudorhodoferax,Bacteria,Proteobacteria,Gammaproteobacteria,Betaproteobacteriales,Burkholderiaceae,Pseudorhodoferax,Inf,No
g__Citrobacter,g__Citrobacter,Bacteria,Proteobacteria,Gammaproteobacteria,Enterobacteriales,Enterobacteriaceae,Citrobacter,0,No
g__Stomatobaculum,g__Stomatobaculum,Bacteria,Firmicutes,Clostridia,Clostridiales,Lachnospiraceae,Stomatobaculum,0.0725593802181405,No
f__Paenibacillaceae_unclass,f__Paenibacillaceae_unclass,Bacteria,Firmicutes,Bacilli,Bacillales,Paenibacillaceae,NA,0.149179756428182,No
g__Mycobacterium,g__Mycobacterium,Bacteria,Actinobacteria,Actinobacteria,Corynebacteriales,Mycobacteriaceae,Mycobacterium,350.639971598458,No
g__Helcococcus,g__Helcococcus,Bacteria,Firmicutes,Clostridia,Clostridiales,Family_XI,Helcococcus,2.10822755078984,No
g__Methylobacterium,g__Methylobacterium,Bacteria,Proteobacteria,Alphaproteobacteria,Rhizobiales,Beijerinckiaceae,Methylobacterium,56.5778118593366,No
g__Solobacterium,g__Solobacterium,Bacteria,Firmicutes,Erysipelotrichia,Erysipelotrichales,Erysipelotrichaceae,Solobacterium,2.3475513323169,No
g__Erysipelotrichaceae_UCG-004,g__Erysipelotrichaceae_UCG-004,Bacteria,Firmicutes,Erysipelotrichia,Erysipelotrichales,Erysipelotrichaceae,Erysipelotrichaceae_UCG-004,14.4471711072282,No
g__Dermabacter,g__Dermabacter,Bacteria,Actinobacteria,Actinobacteria,Micrococcales,Dermabacteraceae,Dermabacter,2.90752345025576,No
g__Neorhizobium,g__Neorhizobium,Bacteria,Proteobacteria,Alphaproteobacteria,Rhizobiales,Rhizobiaceae,Neorhizobium,Inf,No
f__Pasteurellaceae_unclass,f__Pasteurellaceae_unclass,Bacteria,Proteobacteria,Gammaproteobacteria,Pasteurellales,Pasteurellaceae,NA,0.9534175300218,No
f__Enterococcaceae_unclass,f__Enterococcaceae_unclass,Bacteria,Firmicutes,Bacilli,Lactobacillales,Enterococcaceae,NA,5.72850753779727,No
g__Merdibacter,g__Merdibacter,Bacteria,Firmicutes,Erysipelotrichia,Erysipelotrichales,Erysipelotrichaceae,Merdibacter,3.93253823786161,No
g__Libanicoccus,g__Libanicoccus,Bacteria,Actinobacteria,Coriobacteriia,Coriobacteriales,Atopobiaceae,Libanicoccus,3.67273260239917,No
g__Deinococcus,g__Deinococcus,Bacteria,Deinococcus-Thermus,Deinococci,Deinococcales,Deinococcaceae,Deinococcus,26.7307915735808,No
g__Johnsonella,g__Johnsonella,Bacteria,Firmicutes,Clostridia,Clostridiales,Lachnospiraceae,Johnsonella,0.0167229424827422,No
g__Mitsuokella,g__Mitsuokella,Bacteria,Firmicutes,Negativicutes,Selenomonadales,Veillonellaceae,Mitsuokella,2.03784134902281,No
o__Betaproteobacteriales_unclass,o__Betaproteobacteriales_unclass,Bacteria,Proteobacteria,Gammaproteobacteria,Betaproteobacteriales,NA,NA,Inf,No
g__Asteroleplasma,g__Asteroleplasma,Bacteria,Firmicutes,Erysipelotrichia,Erysipelotrichales,Erysipelotrichaceae,Asteroleplasma,0,No
g__Acidibacter,g__Acidibacter,Bacteria,Proteobacteria,Gammaproteobacteria,Gammaproteobacteria_Incertae_Sedis,Unknown_Family,Acidibacter,Inf,No
g__Corynebacterium,g__Corynebacterium,Bacteria,Actinobacteria,Actinobacteria,Corynebacteriales,Corynebacteriaceae,Corynebacterium,0.862050942658671,No
g__Herbaspirillum,g__Herbaspirillum,Bacteria,Proteobacteria,Gammaproteobacteria,Betaproteobacteriales,Burkholderiaceae,Herbaspirillum,4.3476334942367,No
g__Pseudoramibacter,g__Pseudoramibacter,Bacteria,Firmicutes,Clostridia,Clostridiales,Eubacteriaceae,Pseudoramibacter,0.0251360669142354,No
g__Caldicoprobacter,g__Caldicoprobacter,Bacteria,Firmicutes,Clostridia,Clostridiales,Caldicoprobacteraceae,Caldicoprobacter,0,No
f__Acetobacteraceae_unclass,f__Acetobacteraceae_unclass,Bacteria,Proteobacteria,Alphaproteobacteria,Acetobacterales,Acetobacteraceae,NA,Inf,No
f__Nocardiaceae_unclass,f__Nocardiaceae_unclass,Bacteria,Actinobacteria,Actinobacteria,Corynebacteriales,Nocardiaceae,NA,0.389680309721361,No
g__Roseomonas,g__Roseomonas,Bacteria,Proteobacteria,Alphaproteobacteria,Acetobacterales,Acetobacteraceae,Roseomonas,Inf,No
f__Mitochondria_unclass,f__Mitochondria_unclass,Bacteria,Proteobacteria,Alphaproteobacteria,Rickettsiales,Mitochondria,NA,1.2672094844486,No
g__Mesorhizobium,g__Mesorhizobium,Bacteria,Proteobacteria,Alphaproteobacteria,Rhizobiales,Rhizobiaceae,Mesorhizobium,29.7751570232344,No
g__Anaerosporobacter,g__Anaerosporobacter,Bacteria,Firmicutes,Clostridia,Clostridiales,Lachnospiraceae,Anaerosporobacter,9.52513561460757,No
g__Oribacterium,g__Oribacterium,Bacteria,Firmicutes,Clostridia,Clostridiales,Lachnospiraceae,Oribacterium,0.543368416253269,No
g__Globicatella,g__Globicatella,Bacteria,Firmicutes,Bacilli,Lactobacillales,Aerococcaceae,Globicatella,2.88760671323956,No
g__Neisseria,g__Neisseria,Bacteria,Proteobacteria,Gammaproteobacteria,Betaproteobacteriales,Neisseriaceae,Neisseria,46.712538813424,No
g__Anaerovorax,g__Anaerovorax,Bacteria,Firmicutes,Clostridia,Clostridiales,Family_XIII,Anaerovorax,1.45338354560152,No
o__Microtrichales_unclass,o__Microtrichales_unclass,Bacteria,Actinobacteria,Acidimicrobiia,Microtrichales,NA,NA,0,No
g__Raoultibacter,g__Raoultibacter,Bacteria,Actinobacteria,Coriobacteriia,Coriobacteriales,Coriobacteriales_Incertae_Sedis,Raoultibacter,3.36015290316334,No
g__Sarcina,g__Sarcina,Bacteria,Firmicutes,Clostridia,Clostridiales,Clostridiaceae_1,Sarcina,0.956098691631506,No
g__Selenomonas_4,g__Selenomonas_4,Bacteria,Firmicutes,Negativicutes,Selenomonadales,Veillonellaceae,Selenomonas_4,6.64980704099485,No
p__Bacteroidetes_unclass,p__Bacteroidetes_unclass,Bacteria,Bacteroidetes,NA,NA,NA,NA,0.152225808331207,No
f__Actinomycetaceae_unclass,f__Actinomycetaceae_unclass,Bacteria,Actinobacteria,Actinobacteria,Actinomycetales,Actinomycetaceae,NA,2.60074088264251,No
g__Acetatifactor,g__Acetatifactor,Bacteria,Firmicutes,Clostridia,Clostridiales,Lachnospiraceae,Acetatifactor,7.96414507845091,No
f__Microbacteriaceae_unclass,f__Microbacteriaceae_unclass,Bacteria,Actinobacteria,Actinobacteria,Micrococcales,Microbacteriaceae,NA,0.597156449229465,No
g__Allobaculum,g__Allobaculum,Bacteria,Firmicutes,Erysipelotrichia,Erysipelotrichales,Erysipelotrichaceae,Allobaculum,0.0767639356490929,No
f__Coriobacteriaceae_unclass,f__Coriobacteriaceae_unclass,Bacteria,Actinobacteria,Coriobacteriia,Coriobacteriales,Coriobacteriaceae,NA,Inf,No
f__Bifidobacteriaceae_unclass,f__Bifidobacteriaceae_unclass,Bacteria,Actinobacteria,Actinobacteria,Bifidobacteriales,Bifidobacteriaceae,NA,2.49998544099014,No
g__Gordonia,g__Gordonia,Bacteria,Actinobacteria,Actinobacteria,Corynebacteriales,Nocardiaceae,Gordonia,4.98351736435994,No
g__Faecalicoccus,g__Faecalicoccus,Bacteria,Firmicutes,Erysipelotrichia,Erysipelotrichales,Erysipelotrichaceae,Faecalicoccus,28.1396463235545,No
g__F0332,g__F0332,Bacteria,Actinobacteria,Actinobacteria,Actinomycetales,Actinomycetaceae,F0332,2.86169171603872,No
g__Brachyspira,g__Brachyspira,Bacteria,Spirochaetes,Brachyspirae,Brachyspirales,Brachyspiraceae,Brachyspira,0,No
g__Solibacillus,g__Solibacillus,Bacteria,Firmicutes,Bacilli,Bacillales,Planococcaceae,Solibacillus,Inf,No
g__Selenomonas,g__Selenomonas,Bacteria,Firmicutes,Negativicutes,Selenomonadales,Veillonellaceae,Selenomonas,Inf,No
g__Bradyrhizobium,g__Bradyrhizobium,Bacteria,Proteobacteria,Alphaproteobacteria,Rhizobiales,Xanthobacteraceae,Bradyrhizobium,1.86914313475711,No
g__Erysipelotrichaceae_UCG-006,g__Erysipelotrichaceae_UCG-006,Bacteria,Firmicutes,Erysipelotrichia,Erysipelotrichales,Erysipelotrichaceae,Erysipelotrichaceae_UCG-006,1.58476054968918,No
g__Variovorax,g__Variovorax,Bacteria,Proteobacteria,Gammaproteobacteria,Betaproteobacteriales,Burkholderiaceae,Variovorax,Inf,No
g__Abiotrophia,g__Abiotrophia,Bacteria,Firmicutes,Bacilli,Lactobacillales,Aerococcaceae,Abiotrophia,0.371523574710359,No
g__Massilia,g__Massilia,Bacteria,Proteobacteria,Gammaproteobacteria,Betaproteobacteriales,Burkholderiaceae,Massilia,Inf,No
g__Aureimonas,g__Aureimonas,Bacteria,Proteobacteria,Alphaproteobacteria,Rhizobiales,Rhizobiaceae,Aureimonas,Inf,No
f__Dysgonomonadaceae_unclass,f__Dysgonomonadaceae_unclass,Bacteria,Bacteroidetes,Bacteroidia,Bacteroidales,Dysgonomonadaceae,NA,Inf,No
g__Eikenella,g__Eikenella,Bacteria,Proteobacteria,Gammaproteobacteria,Betaproteobacteriales,Neisseriaceae,Eikenella,1.07480451607969,No
g__Cellulomonas,g__Cellulomonas,Bacteria,Actinobacteria,Actinobacteria,Micrococcales,Cellulomonadaceae,Cellulomonas,Inf,No
g__Paraclostridium,g__Paraclostridium,Bacteria,Firmicutes,Clostridia,Clostridiales,Peptostreptococcaceae,Paraclostridium,0.542190755196885,No
g__Mailhella,g__Mailhella,Bacteria,Proteobacteria,Deltaproteobacteria,Desulfovibrionales,Desulfovibrionaceae,Mailhella,4.21002338975108,No
g__Leucobacter,g__Leucobacter,Bacteria,Actinobacteria,Actinobacteria,Micrococcales,Microbacteriaceae,Leucobacter,26.1702370022669,No
g__Clostridium_sensu_stricto_7,g__Clostridium_sensu_stricto_7,Bacteria,Firmicutes,Clostridia,Clostridiales,Clostridiaceae_1,Clostridium_sensu_stricto_7,4.59609246257656,No
g__Coriobacteriaceae_UCG-003,g__Coriobacteriaceae_UCG-003,Bacteria,Actinobacteria,Coriobacteriia,Coriobacteriales,Atopobiaceae,Coriobacteriaceae_UCG-003,Inf,No
g__Carnobacterium,g__Carnobacterium,Bacteria,Firmicutes,Bacilli,Lactobacillales,Carnobacteriaceae,Carnobacterium,0,No
g__Pelomonas,g__Pelomonas,Bacteria,Proteobacteria,Gammaproteobacteria,Betaproteobacteriales,Burkholderiaceae,Pelomonas,Inf,No
g__Catenisphaera,g__Catenisphaera,Bacteria,Firmicutes,Erysipelotrichia,Erysipelotrichales,Erysipelotrichaceae,Catenisphaera,3.05216454356495,No
g__Eremococcus,g__Eremococcus,Bacteria,Firmicutes,Bacilli,Lactobacillales,Aerococcaceae,Eremococcus,0.0913258534347006,No
g__Aeromicrobium,g__Aeromicrobium,Bacteria,Actinobacteria,Actinobacteria,Propionibacteriales,Nocardioidaceae,Aeromicrobium,Inf,No
p__Actinobacteria_unclass,p__Actinobacteria_unclass,Bacteria,Actinobacteria,NA,NA,NA,NA,8.22269230511083,No
g__Kroppenstedtia,g__Kroppenstedtia,Bacteria,Firmicutes,Bacilli,Bacillales,Thermoactinomycetaceae,Kroppenstedtia,Inf,No
g__Lachnoanaerobaculum,g__Lachnoanaerobaculum,Bacteria,Firmicutes,Clostridia,Clostridiales,Lachnospiraceae,Lachnoanaerobaculum,0.269586484489135,No
g__Fretibacterium,g__Fretibacterium,Bacteria,Synergistetes,Synergistia,Synergistales,Synergistaceae,Fretibacterium,21.3247876961806,No
f__Puniceicoccaceae_unclass,f__Puniceicoccaceae_unclass,Bacteria,Verrucomicrobia,Verrucomicrobiae,Opitutales,Puniceicoccaceae,NA,Inf,No
g__Ralstonia,g__Ralstonia,Bacteria,Proteobacteria,Gammaproteobacteria,Betaproteobacteriales,Burkholderiaceae,Ralstonia,0.600092483565397,No
g__Halomonas,g__Halomonas,Bacteria,Proteobacteria,Gammaproteobacteria,Oceanospirillales,Halomonadaceae,Halomonas,Inf,No
f__Syntrophomonadaceae_unclass,f__Syntrophomonadaceae_unclass,Bacteria,Firmicutes,Clostridia,Clostridiales,Syntrophomonadaceae,NA,0.530682774340895,No
g__Terribacillus,g__Terribacillus,Bacteria,Firmicutes,Bacilli,Bacillales,Bacillaceae,Terribacillus,0,No
f__Xanthobacteraceae_unclass,f__Xanthobacteraceae_unclass,Bacteria,Proteobacteria,Alphaproteobacteria,Rhizobiales,Xanthobacteraceae,NA,Inf,No
g__CHKCI002,g__CHKCI002,Bacteria,Actinobacteria,Coriobacteriia,Coriobacteriales,Eggerthellaceae,CHKCI002,1.12686147514476,No
g__Selenomonas_3,g__Selenomonas_3,Bacteria,Firmicutes,Negativicutes,Selenomonadales,Veillonellaceae,Selenomonas_3,0.193309281895248,No
g__Dietzia,g__Dietzia,Bacteria,Actinobacteria,Actinobacteria,Corynebacteriales,Dietziaceae,Dietzia,Inf,No
g__Micropruina,g__Micropruina,Bacteria,Actinobacteria,Actinobacteria,Propionibacteriales,Propionibacteriaceae,Micropruina,Inf,No
g__Succinatimonas,g__Succinatimonas,Bacteria,Proteobacteria,Gammaproteobacteria,Aeromonadales,Succinivibrionaceae,Succinatimonas,Inf,No
g__Haematobacter,g__Haematobacter,Bacteria,Proteobacteria,Alphaproteobacteria,Rhodobacterales,Rhodobacteraceae,Haematobacter,9.00665820336204,No
f__JG30-KF-CM45_unclass,f__JG30-KF-CM45_unclass,Bacteria,Chloroflexi,Chloroflexia,Thermomicrobiales,JG30-KF-CM45,NA,Inf,No
g__Nocardioides,g__Nocardioides,Bacteria,Actinobacteria,Actinobacteria,Propionibacteriales,Nocardioidaceae,Nocardioides,Inf,No
g__Lachnospiraceae_UCG-006,g__Lachnospiraceae_UCG-006,Bacteria,Firmicutes,Clostridia,Clostridiales,Lachnospiraceae,Lachnospiraceae_UCG-006,0,No
g__Lautropia,g__Lautropia,Bacteria,Proteobacteria,Gammaproteobacteria,Betaproteobacteriales,Burkholderiaceae,Lautropia,2.30984076691172,No
g__SN8,g__SN8,Bacteria,Proteobacteria,Gammaproteobacteria,Xanthomonadales,Xanthomonadaceae,SN8,0,No
g__Papillibacter,g__Papillibacter,Bacteria,Firmicutes,Clostridia,Clostridiales,Ruminococcaceae,Papillibacter,0.864150002486992,No
f__Staphylococcaceae_unclass,f__Staphylococcaceae_unclass,Bacteria,Firmicutes,Bacilli,Bacillales,Staphylococcaceae,NA,0.45915804608926,No
g__Candidatus_Amoebophilus,g__Candidatus_Amoebophilus,Bacteria,Bacteroidetes,Bacteroidia,Cytophagales,Amoebophilaceae,Candidatus_Amoebophilus,Inf,No
g__Domibacillus,g__Domibacillus,Bacteria,Firmicutes,Bacilli,Bacillales,Planococcaceae,Domibacillus,0,No
g__Syntrophomonas,g__Syntrophomonas,Bacteria,Firmicutes,Clostridia,Clostridiales,Syntrophomonadaceae,Syntrophomonas,Inf,No
g__Pedobacter,g__Pedobacter,Bacteria,Bacteroidetes,Bacteroidia,Sphingobacteriales,Sphingobacteriaceae,Pedobacter,Inf,No
g__Pseudoflavonifractor,g__Pseudoflavonifractor,Bacteria,Firmicutes,Clostridia,Clostridiales,Ruminococcaceae,Pseudoflavonifractor,1.5350389637348,No
g__Gracilibacillus,g__Gracilibacillus,Bacteria,Firmicutes,Bacilli,Bacillales,Bacillaceae,Gracilibacillus,Inf,No
f__Atopobiaceae_unclass,f__Atopobiaceae_unclass,Bacteria,Actinobacteria,Coriobacteriia,Coriobacteriales,Atopobiaceae,NA,0.0638408251138062,No
g__Hyphomicrobium,g__Hyphomicrobium,Bacteria,Proteobacteria,Alphaproteobacteria,Rhizobiales,Hyphomicrobiaceae,Hyphomicrobium,Inf,No
g__Nubsella,g__Nubsella,Bacteria,Bacteroidetes,Bacteroidia,Sphingobacteriales,Sphingobacteriaceae,Nubsella,Inf,No
g__Cetobacterium,g__Cetobacterium,Bacteria,Fusobacteria,Fusobacteriia,Fusobacteriales,Fusobacteriaceae,Cetobacterium,Inf,No
g__Pigmentiphaga,g__Pigmentiphaga,Bacteria,Proteobacteria,Gammaproteobacteria,Betaproteobacteriales,Burkholderiaceae,Pigmentiphaga,Inf,No
g__Psychrobacillus,g__Psychrobacillus,Bacteria,Firmicutes,Bacilli,Bacillales,Planococcaceae,Psychrobacillus,0,No
g__Ruminococcaceae_V9D2013_group,g__Ruminococcaceae_V9D2013_group,Bacteria,Firmicutes,Clostridia,Clostridiales,Ruminococcaceae,Ruminococcaceae_V9D2013_group,1.5401007504074,No
g__Ignavigranum,g__Ignavigranum,Bacteria,Firmicutes,Bacilli,Lactobacillales,Aerococcaceae,Ignavigranum,Inf,No
g__Acidipropionibacterium,g__Acidipropionibacterium,Bacteria,Actinobacteria,Actinobacteria,Propionibacteriales,Propionibacteriaceae,Acidipropionibacterium,0,No
g__Muribaculum,g__Muribaculum,Bacteria,Bacteroidetes,Bacteroidia,Bacteroidales,Muribaculaceae,Muribaculum,0,No
g__Flectobacillus,g__Flectobacillus,Bacteria,Bacteroidetes,Bacteroidia,Cytophagales,Spirosomaceae,Flectobacillus,Inf,No
g__Janibacter,g__Janibacter,Bacteria,Actinobacteria,Actinobacteria,Micrococcales,Intrasporangiaceae,Janibacter,13.1858805248567,No
g__Cohnella,g__Cohnella,Bacteria,Firmicutes,Bacilli,Bacillales,Paenibacillaceae,Cohnella,0,No
g__Hathewaya,g__Hathewaya,Bacteria,Firmicutes,Clostridia,Clostridiales,Clostridiaceae_1,Hathewaya,6.26416702622019,No
g__Psychroglaciecola,g__Psychroglaciecola,Bacteria,Proteobacteria,Alphaproteobacteria,Rhizobiales,Beijerinckiaceae,Psychroglaciecola,Inf,No
g__Propioniferax,g__Propioniferax,Bacteria,Actinobacteria,Actinobacteria,Propionibacteriales,Propionibacteriaceae,Propioniferax,Inf,No
g__Actinomadura,g__Actinomadura,Bacteria,Actinobacteria,Actinobacteria,Streptosporangiales,Thermomonosporaceae,Actinomadura,Inf,No
g__Vagococcus,g__Vagococcus,Bacteria,Firmicutes,Bacilli,Lactobacillales,Enterococcaceae,Vagococcus,Inf,No
g__Skermanella,g__Skermanella,Bacteria,Proteobacteria,Alphaproteobacteria,Azospirillales,Azospirillaceae,Skermanella,Inf,No
g__Mycoplasma,g__Mycoplasma,Bacteria,Tenericutes,Mollicutes,Mycoplasmatales,Mycoplasmataceae,Mycoplasma,Inf,No
g__Aneurinibacillus,g__Aneurinibacillus,Bacteria,Firmicutes,Bacilli,Bacillales,Paenibacillaceae,Aneurinibacillus,Inf,No
g__Arcobacter,g__Arcobacter,Bacteria,Epsilonbacteraeota,Campylobacteria,Campylobacterales,Arcobacteraceae,Arcobacter,Inf,No
g__Desulfitibacter,g__Desulfitibacter,Bacteria,Firmicutes,Clostridia,Clostridiales,Peptococcaceae,Desulfitibacter,Inf,No
f__Propionibacteriaceae_unclass,f__Propionibacteriaceae_unclass,Bacteria,Actinobacteria,Actinobacteria,Propionibacteriales,Propionibacteriaceae,NA,Inf,No
g__Tetragenococcus,g__Tetragenococcus,Bacteria,Firmicutes,Bacilli,Lactobacillales,Enterococcaceae,Tetragenococcus,Inf,No
g__Cryptobacterium,g__Cryptobacterium,Bacteria,Actinobacteria,Coriobacteriia,Coriobacteriales,Eggerthellaceae,Cryptobacterium,Inf,No
g__Denitrobacterium,g__Denitrobacterium,Bacteria,Actinobacteria,Coriobacteriia,Coriobacteriales,Eggerthellaceae,Denitrobacterium,Inf,No
g__Hydrogenophaga,g__Hydrogenophaga,Bacteria,Proteobacteria,Gammaproteobacteria,Betaproteobacteriales,Burkholderiaceae,Hydrogenophaga,Inf,No
g__Acidovorax,g__Acidovorax,Bacteria,Proteobacteria,Gammaproteobacteria,Betaproteobacteriales,Burkholderiaceae,Acidovorax,0.711097286219654,No
g__Ensifer,g__Ensifer,Bacteria,Proteobacteria,Alphaproteobacteria,Rhizobiales,Rhizobiaceae,Ensifer,Inf,No
g__Cloacibacterium,g__Cloacibacterium,Bacteria,Bacteroidetes,Bacteroidia,Flavobacteriales,Weeksellaceae,Cloacibacterium,20.1150363678584,No
c__Bacilli_unclass,c__Bacilli_unclass,Bacteria,Firmicutes,Bacilli,NA,NA,NA,0.0759984682851084,No
f__Spirochaetaceae_unclass,f__Spirochaetaceae_unclass,Bacteria,Spirochaetes,Spirochaetia,Spirochaetales,Spirochaetaceae,NA,Inf,No
g__Macrococcus,g__Macrococcus,Bacteria,Firmicutes,Bacilli,Bacillales,Staphylococcaceae,Macrococcus,Inf,No
g__Virgibacillus,g__Virgibacillus,Bacteria,Firmicutes,Bacilli,Bacillales,Bacillaceae,Virgibacillus,1.96199715250004,No
g__Pseudopropionibacterium,g__Pseudopropionibacterium,Bacteria,Actinobacteria,Actinobacteria,Propionibacteriales,Propionibacteriaceae,Pseudopropionibacterium,0.544448950747444,No
g__Paraeggerthella,g__Paraeggerthella,Bacteria,Actinobacteria,Coriobacteriia,Coriobacteriales,Eggerthellaceae,Paraeggerthella,Inf,No
g__Aeromonas,g__Aeromonas,Bacteria,Proteobacteria,Gammaproteobacteria,Aeromonadales,Aeromonadaceae,Aeromonas,0,No
g__Kerstersia,g__Kerstersia,Bacteria,Proteobacteria,Gammaproteobacteria,Betaproteobacteriales,Burkholderiaceae,Kerstersia,0,No
f__Acidaminococcaceae_unclass,f__Acidaminococcaceae_unclass,Bacteria,Firmicutes,Negativicutes,Selenomonadales,Acidaminococcaceae,NA,1.25035409123987,No
g__Dyadobacter,g__Dyadobacter,Bacteria,Bacteroidetes,Bacteroidia,Cytophagales,Spirosomaceae,Dyadobacter,Inf,No
f__Carnobacteriaceae_unclass,f__Carnobacteriaceae_unclass,Bacteria,Firmicutes,Bacilli,Lactobacillales,Carnobacteriaceae,NA,Inf,No
g__Tissierella,g__Tissierella,Bacteria,Firmicutes,Clostridia,Clostridiales,Family_XI,Tissierella,8.6874588372141,No
o__Opitutales_unclass,o__Opitutales_unclass,Bacteria,Verrucomicrobia,Verrucomicrobiae,Opitutales,NA,NA,0,No
g__Jeotgalicoccus,g__Jeotgalicoccus,Bacteria,Firmicutes,Bacilli,Bacillales,Staphylococcaceae,Jeotgalicoccus,Inf,No
f__Sphingobacteriaceae_unclass,f__Sphingobacteriaceae_unclass,Bacteria,Bacteroidetes,Bacteroidia,Sphingobacteriales,Sphingobacteriaceae,NA,Inf,No
c__Verrucomicrobiae_unclass,c__Verrucomicrobiae_unclass,Bacteria,Verrucomicrobia,Verrucomicrobiae,NA,NA,NA,Inf,No
c__Gammaproteobacteria_unclass,c__Gammaproteobacteria_unclass,Bacteria,Proteobacteria,Gammaproteobacteria,NA,NA,NA,1.35510210223295,No
g__Sporobacterium,g__Sporobacterium,Bacteria,Firmicutes,Clostridia,Clostridiales,Lachnospiraceae,Sporobacterium,Inf,No
g__28-4,g__28-4,Bacteria,Firmicutes,Clostridia,Clostridiales,Lachnospiraceae,28-4,0,No
g__Devosia,g__Devosia,Bacteria,Proteobacteria,Alphaproteobacteria,Rhizobiales,Devosiaceae,Devosia,Inf,No
g__Allofustis,g__Allofustis,Bacteria,Firmicutes,Bacilli,Lactobacillales,Carnobacteriaceae,Allofustis,0.855958273413753,No
g__Leptotrichia,g__Leptotrichia,Bacteria,Fusobacteria,Fusobacteriia,Fusobacteriales,Leptotrichiaceae,Leptotrichia,Inf,No
g__Aminobacter,g__Aminobacter,Bacteria,Proteobacteria,Alphaproteobacteria,Rhizobiales,Rhizobiaceae,Aminobacter,Inf,No
g__Leifsonia,g__Leifsonia,Bacteria,Actinobacteria,Actinobacteria,Micrococcales,Microbacteriaceae,Leifsonia,Inf,No
f__Micromonosporaceae_unclass,f__Micromonosporaceae_unclass,Bacteria,Actinobacteria,Actinobacteria,Micromonosporales,Micromonosporaceae,NA,Inf,No
g__Clostridium_sensu_stricto_11,g__Clostridium_sensu_stricto_11,Bacteria,Firmicutes,Clostridia,Clostridiales,Clostridiaceae_1,Clostridium_sensu_stricto_11,Inf,No
g__Wohlfahrtiimonas,g__Wohlfahrtiimonas,Bacteria,Proteobacteria,Gammaproteobacteria,Cardiobacteriales,Wohlfahrtiimonadaceae,Wohlfahrtiimonas,Inf,No
g__Thermus,g__Thermus,Bacteria,Deinococcus-Thermus,Deinococci,Thermales,Thermaceae,Thermus,0.607260377305855,No
g__Dokdonella,g__Dokdonella,Bacteria,Proteobacteria,Gammaproteobacteria,Xanthomonadales,Rhodanobacteraceae,Dokdonella,Inf,No
g__Paucisalibacillus,g__Paucisalibacillus,Bacteria,Firmicutes,Bacilli,Bacillales,Bacillaceae,Paucisalibacillus,Inf,No
g__Tepidimonas,g__Tepidimonas,Bacteria,Proteobacteria,Gammaproteobacteria,Betaproteobacteriales,Burkholderiaceae,Tepidimonas,Inf,No
g__Pseudochrobactrum,g__Pseudochrobactrum,Bacteria,Proteobacteria,Alphaproteobacteria,Rhizobiales,Rhizobiaceae,Pseudochrobactrum,Inf,No
o__WCHB1-41_unclass,o__WCHB1-41_unclass,Bacteria,Kiritimatiellaeota,Kiritimatiellae,WCHB1-41,NA,NA,Inf,No
f__Nodosilineaceae_unclass,f__Nodosilineaceae_unclass,Bacteria,Cyanobacteria,Oxyphotobacteria,Phormidesmiales,Nodosilineaceae,NA,0,No
g__Ammoniphilus,g__Ammoniphilus,Bacteria,Firmicutes,Bacilli,Bacillales,Paenibacillaceae,Ammoniphilus,0,No
o__Selenomonadales_unclass,o__Selenomonadales_unclass,Bacteria,Firmicutes,Negativicutes,Selenomonadales,NA,NA,0.668172210733967,No
g__Reyranella,g__Reyranella,Bacteria,Proteobacteria,Alphaproteobacteria,Reyranellales,Reyranellaceae,Reyranella,Inf,No
g__Geobacillus,g__Geobacillus,Bacteria,Firmicutes,Bacilli,Bacillales,Bacillaceae,Geobacillus,Inf,No
g__Lacibacter,g__Lacibacter,Bacteria,Bacteroidetes,Bacteroidia,Chitinophagales,Chitinophagaceae,Lacibacter,Inf,No
f__Streptomycetaceae_unclass,f__Streptomycetaceae_unclass,Bacteria,Actinobacteria,Actinobacteria,Streptomycetales,Streptomycetaceae,NA,0.845337068908012,No
f__Streptococcaceae_unclass,f__Streptococcaceae_unclass,Bacteria,Firmicutes,Bacilli,Lactobacillales,Streptococcaceae,NA,Inf,No
g__Cardiobacterium,g__Cardiobacterium,Bacteria,Proteobacteria,Gammaproteobacteria,Cardiobacteriales,Cardiobacteriaceae,Cardiobacterium,0.458639627193017,No
g__Flexilinea,g__Flexilinea,Bacteria,Chloroflexi,Anaerolineae,Anaerolineales,Anaerolineaceae,Flexilinea,Inf,No
g__ATCC-39006,g__ATCC-39006,Bacteria,Proteobacteria,Gammaproteobacteria,Enterobacteriales,Enterobacteriaceae,ATCC-39006,Inf,No
g__Cosenzaea,g__Cosenzaea,Bacteria,Proteobacteria,Gammaproteobacteria,Enterobacteriales,Enterobacteriaceae,Cosenzaea,1.4865119534863,No
g__Anaerobiospirillum,g__Anaerobiospirillum,Bacteria,Proteobacteria,Gammaproteobacteria,Aeromonadales,Succinivibrionaceae,Anaerobiospirillum,Inf,No
g__Chroococcidiopsis_SAG_2023,g__Chroococcidiopsis_SAG_2023,Bacteria,Cyanobacteria,Oxyphotobacteria,Nostocales,Chroococcidiopsaceae,Chroococcidiopsis_SAG_2023,Inf,No
g__Micromonospora,g__Micromonospora,Bacteria,Actinobacteria,Actinobacteria,Micromonosporales,Micromonosporaceae,Micromonospora,0,No
g__LD29,g__LD29,Bacteria,Verrucomicrobia,Verrucomicrobiae,Chthoniobacterales,Chthoniobacteraceae,LD29,1.27913764906104,No
g__Zoogloea,g__Zoogloea,Bacteria,Proteobacteria,Gammaproteobacteria,Betaproteobacteriales,Rhodocyclaceae,Zoogloea,Inf,No
g__Bergeyella,g__Bergeyella,Bacteria,Bacteroidetes,Bacteroidia,Flavobacteriales,Weeksellaceae,Bergeyella,Inf,No
c__Alphaproteobacteria_unclass,c__Alphaproteobacteria_unclass,Bacteria,Proteobacteria,Alphaproteobacteria,NA,NA,NA,Inf,No
f__Methanobacteriaceae_unclass,f__Methanobacteriaceae_unclass,Archaea,Euryarchaeota,Methanobacteria,Methanobacteriales,Methanobacteriaceae,NA,Inf,No
o__Corynebacteriales_unclass,o__Corynebacteriales_unclass,Bacteria,Actinobacteria,Actinobacteria,Corynebacteriales,NA,NA,0.228524561552209,No
g__Centipeda,g__Centipeda,Bacteria,Firmicutes,Negativicutes,Selenomonadales,Veillonellaceae,Centipeda,Inf,No
c__Actinobacteria_unclass,c__Actinobacteria_unclass,Bacteria,Actinobacteria,Actinobacteria,NA,NA,NA,1.24892330182699,No
f__Synergistaceae_unclass,f__Synergistaceae_unclass,Bacteria,Synergistetes,Synergistia,Synergistales,Synergistaceae,NA,Inf,No
o__Micavibrionales_unclass,o__Micavibrionales_unclass,Bacteria,Proteobacteria,Alphaproteobacteria,Micavibrionales,NA,NA,Inf,No
o__Micrococcales_unclass,o__Micrococcales_unclass,Bacteria,Actinobacteria,Actinobacteria,Micrococcales,NA,NA,Inf,No
g__Alloiococcus,g__Alloiococcus,Bacteria,Firmicutes,Bacilli,Lactobacillales,Carnobacteriaceae,Alloiococcus,Inf,No
o__Kallotenuales_unclass,o__Kallotenuales_unclass,Bacteria,Chloroflexi,Chloroflexia,Kallotenuales,NA,NA,Inf,No
g__Christensenella,g__Christensenella,Bacteria,Firmicutes,Clostridia,Clostridiales,Christensenellaceae,Christensenella,Inf,No
g__XBB1006,g__XBB1006,Bacteria,Firmicutes,Clostridia,Clostridiales,Lachnospiraceae,XBB1006,Inf,No
c__Mollicutes_unclass,c__Mollicutes_unclass,Bacteria,Tenericutes,Mollicutes,NA,NA,NA,0,No
f__Tannerellaceae_unclass,f__Tannerellaceae_unclass,Bacteria,Bacteroidetes,Bacteroidia,Bacteroidales,Tannerellaceae,NA,Inf,No
g__Treponema_2,g__Treponema_2,Bacteria,Spirochaetes,Spirochaetia,Spirochaetales,Spirochaetaceae,Treponema_2,Inf,No
g__Candidatus_Nucleicultrix,g__Candidatus_Nucleicultrix,Bacteria,Proteobacteria,Alphaproteobacteria,Caedibacterales,Caedibacteraceae,Candidatus_Nucleicultrix,Inf,No
f__Rhodocyclaceae_unclass,f__Rhodocyclaceae_unclass,Bacteria,Proteobacteria,Gammaproteobacteria,Betaproteobacteriales,Rhodocyclaceae,NA,Inf,No
g__Pusillimonas,g__Pusillimonas,Bacteria,Proteobacteria,Gammaproteobacteria,Betaproteobacteriales,Burkholderiaceae,Pusillimonas,Inf,No
g__Fictibacillus,g__Fictibacillus,Bacteria,Firmicutes,Bacilli,Bacillales,Bacillaceae,Fictibacillus,0,No
g__Phyllobacterium,g__Phyllobacterium,Bacteria,Proteobacteria,Alphaproteobacteria,Rhizobiales,Rhizobiaceae,Phyllobacterium,0,No
f__Neisseriaceae_unclass,f__Neisseriaceae_unclass,Bacteria,Proteobacteria,Gammaproteobacteria,Betaproteobacteriales,Neisseriaceae,NA,Inf,No
c__FFCH5909_unclass,c__FFCH5909_unclass,Bacteria,Acidobacteria,FFCH5909,NA,NA,NA,0,No
k__Eukaryota_unclass,k__Eukaryota_unclass,Eukaryota,NA,NA,NA,NA,NA,0,No
g__Ureaplasma,g__Ureaplasma,Bacteria,Tenericutes,Mollicutes,Mycoplasmatales,Mycoplasmataceae,Ureaplasma,0,No
g__Anaerocolumna,g__Anaerocolumna,Bacteria,Firmicutes,Clostridia,Clostridiales,Lachnospiraceae,Anaerocolumna,0,No
g__Aggregatibacter,g__Aggregatibacter,Bacteria,Proteobacteria,Gammaproteobacteria,Pasteurellales,Pasteurellaceae,Aggregatibacter,0,No
g__Moraxella,g__Moraxella,Bacteria,Proteobacteria,Gammaproteobacteria,Pseudomonadales,Moraxellaceae,Moraxella,Inf,No
o__Verrucomicrobiales_unclass,o__Verrucomicrobiales_unclass,Bacteria,Verrucomicrobia,Verrucomicrobiae,Verrucomicrobiales,NA,NA,0,No
g__Desulfobulbus,g__Desulfobulbus,Bacteria,Proteobacteria,Deltaproteobacteria,Desulfobacterales,Desulfobulbaceae,Desulfobulbus,Inf,No
g__Pirellula,g__Pirellula,Bacteria,Planctomycetes,Planctomycetacia,Pirellulales,Pirellulaceae,Pirellula,Inf,No
f__Micrococcaceae_unclass,f__Micrococcaceae_unclass,Bacteria,Actinobacteria,Actinobacteria,Micrococcales,Micrococcaceae,NA,Inf,No
g__Xanthobacter,g__Xanthobacter,Bacteria,Proteobacteria,Alphaproteobacteria,Rhizobiales,Xanthobacteraceae,Xanthobacter,Inf,No
g__Alcanivorax,g__Alcanivorax,Bacteria,Proteobacteria,Gammaproteobacteria,Oceanospirillales,Alcanivoracaceae,Alcanivorax,Inf,No
f__Weeksellaceae_unclass,f__Weeksellaceae_unclass,Bacteria,Bacteroidetes,Bacteroidia,Flavobacteriales,Weeksellaceae,NA,Inf,No
g__Capnocytophaga,g__Capnocytophaga,Bacteria,Bacteroidetes,Bacteroidia,Flavobacteriales,Flavobacteriaceae,Capnocytophaga,0,No
g__Spirosoma,g__Spirosoma,Bacteria,Bacteroidetes,Bacteroidia,Cytophagales,Spirosomaceae,Spirosoma,Inf,No
